Barcode,Product Name,Brand
099482522605,"TOMATO ORGANIC KETCHUP, TOMATO","Whole Foods Market, Inc."
855482006763,"ORGANIC BLUE CHEESE DRESSING","Tessemae's LLC"
071146000148,"CALBEE, SHRIMP CHIPS, BAKED, WHEAT PUFFED SNACKS, ORIGINAL","Calbee North America, LLC"
041570054017,"CHEDDAR CHEESE RICE CRACKER SNACKS WITH ALMONDS, CHEDDAR CHEESE","Blue Diamond Growers"
070085035389,"CHEESE & PEPPERONI MINI BAGELS PIZZA SNACKS, CHEESE & PEPPERONI","Kraft Heinz Foods Company"
072830001748,"MEDIUM CHEDDAR CHEESE SNACK PORTIONS, MEDIUM CHEDDAR CHEESE","Tillamook County Creamery Association"
044000058395,"THREE CHEESE FLAVOR RICE & CHEESE SNACKS, THREE CHEESE","Nabisco Biscuit Company"
070085035358,"THREE CHEESE MINI BAGELS PIZZA SNACKS, THREE CHEESE","Kraft Heinz Foods Company"
014100054702,"XTRA CHEDDAR BLASTED BAKED SNACK CRACKERS, XTRA CHEDDAR","Pepperidge Farm, Inc."
755795755504,"ORGANIC BBQ SAUCE, CALIFORNIA GOLD","P. K. Kinder Co., Inc."
850002887457,"FROSTED GRAIN-FREE CEREAL, FROSTED","Magic Spoon Inc."
722252283245,"LEMONZEST + BLUEBERRY WHOLE NUTRITION BARS","Clif Bar and Company"
722252238344,"LEMONZEST + RASPBERRY WHOLE NUTRITION BAR, LEMONZEST + RASPBERRY","Clif Bar and Company"
722252203304,"LEMONZEST WHOLE NUTRITION BAR, LEMONZEST","Clif Bar and Company"
722252369741,"NUT BUTTER FILLED BAR, BLUEBERRY ALMOND BUTTER","Clif Bar and Company"
602652200090,"ORANGE CRANBERRY BREAKFAST PROBIOTICS BARS, ORANGE CRANBERRY","KIND Inc."
602652419287,"PEANUT BUTTER BREAKFAST BARS, PEANUT BUTTER","KIND Inc."
602652429941,"PEANUT BUTTER BREAKFAST CEREAL BARS, PEANUT BUTTER","KIND Inc."
490712009086,"STRAWBERRY SOFT BAKED BREAKFAST BARS, STRAWBERRY","MARKET PANTRY"
722252168597,"VANILLA ALMOND PROTEIN BAR, VANILLA ALMOND","Clif Bar and Company"
810035110465,"WARM 'N' CINNAMON-Y BANANA BREAD PUMPKIN SEED PROTEIN BARS, WARM 'N' CINNAMON-Y BANANA BREAD","88 acres foods, inc"
031200259240,"100% PINEAPPLE JUICE","Ocean Spray Cranberries, Inc."
014800005400,"FLAVORED JUICE BLEND, APPLE CRANBERRY","Mott's LLP"
637480025256,"COCONUT ALMOND DELIGHT SNACK BARS, COCONUT ALMOND DELIGHT","Atkins Nutritionals, Inc."
052000104301,"COOKIES AND CREME FLAVORED PROTEIN BAR, COOKIES AND CREME","The Quaker Oats Co./gatorade-Van Camp"
082592001023,"GREEN MACHINE FRUIT, NUT & VEGGIE BAR, GREEN MACHINE","Naked Juice"
750049000409,"MOCHA CHIP NUTRITION BAR, MOCHA CHIP","The Nature's Bounty Co."
072745001291,"CHICKEN BREAST STRIPS BREADED STRIP SHAPED CHICKEN BREAST PATTIES WITH RIB MEAT, CHICKEN BREAST STRIPS","Perdue Farms Incorporated"
025317225908,"GLUTEN-FREE BREADED CHICKEN BREAST TENDERS","Hormel Foods Corporation"
023700043825,"ITALIAN STYLE LIGHTLY BREADED CHICKEN BREAST STRIPS, ITALIAN STYLE","Tyson Foods, Inc."
025000120664,"JUICE STICKS, ORANGE, CHERRY, GRAPE","The Minute Maid Company"
041500001326,"KICKIN' BBQ FULLY COOKED CHICKEN REDHOT WINGS SECTIONS GLAZED WITH BARBECUE SAUCE, KICKIN' BBQ","McCormick & Company, Inc."
044100158940,"VANILLA NONFAT GREEK YOGURT, VANILLA","HP Hood LLC"
894700010052,"BLUEBERRY ON THE BOTTOM NONFAT GREEK YOGURT, BLUEBERRY","Chobani, Inc."
850446008975,"SEA SALT & CRACKED PEPPER CRUNCHY CHICKPEAS, SEA SALT & CRACKED PEPPER","American Halal Company, Inc."
030000311271,"S'MORES CHEWY GRANOLA BARS, S'MORES","The Quaker Oats Company"
851702007534,"MUSHROOM BISQUE KETO BONE BROTH SOUP, MUSHROOM BISQUE","KETTLE AND FIRE LLC"
990016700011,"NOT MAYO ORIGINAL PLANT-BASED DRESSING & SPREAD, NOT MAYO ORIGINAL","THE KRAFT HEINZ NOTCO"
888849005437,"PROTEIN BAR, BLUEBERRY COBBLER","Quest Nutrition, LLC"
896859000144,"THAI PEANUT SAUCE","Sky Valley Foods Inc."
041335363798,"CAESAR DRESSING, CAESAR","Ken's Foods, Inc."
602652184048,"CHEWY WITH A CRUNCH, VANILLA BLUEBERRY","KIND Inc."
070470478524,"STRAWBERRY FLAVORED GREEK 100 PROTEIN FAT FREE YOGURT, STRAWBERRY","Yoplait USA"
021000032037,"SWEET BALSAMIC VINAIGRETTE DRESSING, SWEET BALSAMIC VINAIGRETTE","Kraft Heinz Foods Company"
815074022496,"CAESAR DRESSING & MARINADE, CAESAR","Chosen Foods, LLC"
788434103770,"FRUITY CEREAL FLAVORED PROTEIN BAR, FRUITY CEREAL","The Hershey Company"
020662003706,"OIL & VINEGAR DRESSING, OIL & VINEGAR","Newman's Own, Inc."
078895131154,"SAUCE FOR ORANGE CHICKEN, ORANGE CHICKEN","Lee Kum Kee Co. Ltd."
021000064496,"CREAMY GREEK DRESSING, CREAMY GREEK","Kraft Heinz Foods Company"
048564000326,"FLOUR NUTRI-RICAS CARB WATCH TORTILLAS SALSA ROJA WITH FLAXSEED, FLOUR","Guerrero Tortilleria"
041129840535,"PRINCE, ENRICHED TOMATO AND SPINACH MACARONI PRODUCT, TRICOLOR ROTINI","Riviana Foods Inc."
851702007282,"MISO SOUP WITH BONE BROTH","KETTLE AND FIRE LLC"
041789003561,"SPICY BEEF FIRE BOWL RAMEN NOODLE SOUP, SPICY BEEF","Maruchan, Inc."
070662401033,"SPICY CHICKEN VERY VEGGIE RAMEN NOODLE SOUP, SPICY CHICKEN","Nissin Foods USA Co Inc"
070662401040,"VERYVEGGIE, SOY SAUCE FLAVOR RAMEN NOODLE SOUP, SOY SAUCE","Nissin Foods USA Co Inc"
052603042550,"ORGANIC CREAMY CASHEW CARROT GINGER SOUP, CREAMY CASHEW CARROT GINGER","Pacific Foods of Oregon, Inc."
070662403013,"SOUP'D UP, ROASTED CHICKEN FLAVOR RAMEN NOODLE SOUP, ROASTED CHICKEN","Nissin Foods USA Co Inc"
050000415014,"WHITE SAUCE & CREAM-STYLE SOUP MIX, WHITE SAUCE & CREAM-STYLE","Nestle USA Inc."
070662096345,"BLAZING HOT FLAVOR HOT & SPICY RAMEN NOODLE SOUP, BLAZING HOT","Nissin Foods USA Co Inc"
070662198018,"ORIGINAL SOY SAUCE FLAVOR RAMEN NOODLE SOUP, ORIGINAL SOY SAUCE","Nissin Foods USA Co Inc"
028000736095,"HOME-STYLE VEGETABLE PASTA & CHICKEN FLAVOR SOUP MIX, HOME-STYLE VEGETABLE PASTA & CHICKEN","Nestle USA Inc."
070662096338,"XTRA HOT FIERY BEEF FLAVOR HOT & SPICY RAMEN NOODLE SOUP, XTRA HOT FIERY BEEF","Nissin Foods USA Co Inc"
024000554547,"100% NATURAL GARDEN VEGETABLE BROTH","Del Monte Foods Inc."
024000497837,"99% FAT FREE BEEF BROTH, BEEF","Del Monte Foods Inc."
722252438218,"COOKIES 'N CREME WHOLE GRAIN CRISPY SNACK BARS, COOKIES 'N CREME","Clif Bar and Company"
013800156501,"STEAK PORTABELLA BEEF & MUSHROOMS IN A SAVORY SAUCE WITH BROCCOLI, STEAK PORTABELLA","Nestle Usa-Frozen Food Division"
052000048230,"BLACK CHERRY ELECTROLYTE WATER BEVERAGE MIX, BLACK CHERRY","The Quaker Oats Co./gatorade-Van Camp"
043000955475,"BLUE RASPBERRY LEMONADE UNSWEETENED DRINK MIX, BLUE RASPBERRY LEMONADE","Kraft Heinz Foods Company"
043000953532,"CHERRY DRINK MIX, CHERRY","Kraft Heinz Foods Company"
043000022597,"CHERRY POMEGRANATE DRINK MIX, CHERRY POMEGRANATE","Kraft Heinz Foods Company"
043000045350,"CITRUS DRINK MIX WITH CAFFEINE, CITRUS","Kraft Heinz Foods Company"
300878446246,"DRINK MIX","Bristol-Myers Squibb/Mead Johnson Nutritionals"
043000069387,"GRAPE ZERO SUGAR ZERO CALORIE ON THE GO! DRINK MIX, GRAPE","Kraft Heinz Foods Company"
041000006661,"HIBISCUS LIME AGUAS FRESCAS ICED HERBAL TEA MIX, HIBISCUS LIME","Lipton"
043000950647,"LEMON ICED TEA DRINK MIX, LEMON ICED TEA","Kraft Heinz Foods Company"
041000008603,"LEMON ZERO SUGAR LOW CALORIE ICED TEA MIX, LEMON","Lipton"
043000084885,"LEMONADE DRINK MIX, LEMONADE","Kraft Heinz Foods Company"
043000064528,"ORANGE STRAWBERRY DRINK MIX, ORANGE STRAWBERRY","Kraft Heinz Foods Company"
050000600120,"ORIGINAL MALTED MILK, ORIGINAL","Nestle USA Inc."
043000950807,"PEACH ICED TEA DRINK MIX, PEACH ICED TEA","Kraft Heinz Foods Company"
043000028858,"PEACH MANGO GREEN TEA DRINK MIX, PEACH MANGO GREEN TEA","Kraft Heinz Foods Company"
043000950517,"PINK LEMONADE DRINK MIX, PINK LEMONADE","Kraft Heinz Foods Company"
043000073667,"PINK LEMONADE FLAVORED ZERO SUGAR LOW CALORIE ON THE GO DRINK MIX, PINK LEMONADE","Kraft Heinz Foods Company"
043000059531,"SWEET TEA DRINK MIX, SWEET TEA","Kraft Heinz Foods Company"
043000080122,"WILD STRAWBERRY DRINK MIX WITH CAFFEINE, WILD STRAWBERRY","Kraft Heinz Foods Company"
759283001333,"RICE CRACKERS","Kraft Heinz Foods Company"
759283100029,"CLASSIC ROUND CRACKERS","Kraft Heinz Foods Company"
759283100043,"CRISPY WHEAT CRACKERS","Kraft Heinz Foods Company"
759283100456,"STONEGROUND WHEAT CRACKERS","Kraft Heinz Foods Company"
759283001463,"SWEET POTATO CRACKERS","Kraft Heinz Foods Company"
044700024584,"LUNCHABLES, HAM & CHEDDAR WITH CRACKERS","Kraft Heinz Foods Company"
021000067312,"CHEESE DIP AND CRACKERS, JALAPENO JACK","Kraft Heinz Foods Company"
759283001340,"RICE THIN CRACKERS, SESAME SEED","Kraft Heinz Foods Company"
021000057122,"CRACKER BARREL, ORGANIC MILD CHEDDAR CHEESE","Kraft Heinz Foods Company"
759283001470,"SPINACH & ROASTED GARLIC CRACKERS MADE WITH REAL VEGETABLES","Kraft Heinz Foods Company"
088194340034,"BLUEBERRY WHOLE MILK YOGURT, BLUEBERRY","Stonyfield Farm Inc"
043182002059,"SWEETENED CONDENSED COCONUT MILK, SWEETENED","Edward & Sons Trading Co., Inc"
814558020317,"BLUEBERRY ORGANIC DAIRY-FREE PROBIOTIC CASHEWMILK YOGURT PLANT-BASED YOGURT ALTERNATIVE, BLUEBERRY","Forager Project, LLC"
813636020225,"UNSWEETENED COCONUT CREAM & ALMOND MILK, UNSWEETENED","Califia Farms, LP"
017077109321,"BLUEBERRY KEFIR CULTURED LOWFAT MILK, BLUEBERRY","Lifeway Foods Inc."
017077105323,"CHERRY KEFIR CULTURED LOWFAT MILK, CHERRY","Lifeway Foods Inc."
041331036818,"DULCE DE LECHE, MILK CARAMEL SPREAD","Goya Foods, Inc."
017077108324,"PEACH KEFIR CULTURED LOWFAT MILK, PEACH","Lifeway Foods Inc."
017077121323,"POMEGRANATE KEFIR CULTURED LOWFAT MILK, POMEGRANATE","Lifeway Foods Inc."
017077104326,"RASPBERRY KEFIR CULTURED LOWFAT MILK, RASPBERRY","Lifeway Foods Inc."
070470491059,"STRAWBERRY FLAVORED WHOLE MILK YOGURT, STRAWBERRY","Yoplait USA"
017077103329,"STRAWBERRY KEFIR CULTURED LOWFAT MILK, STRAWBERRY","Lifeway Foods Inc."
017077111324,"VANILLA KEFIR CULTURED LOWFAT MILK, VANILLA","Lifeway Foods Inc."
050000384976,"PUMPKIN SPICE OAT MILK CREAMER, PUMPKIN SPICE","Nestle USA Inc."
088194340065,"COFFEE CREAM TOP WHOLE MILK YOGURT, COFFEE","Stonyfield Farm Inc"
088194703143,"MAPLE CREAM TOP WHOLE MILK YOGURT, MAPLE","Stonyfield Farm Inc"
028000823177,"DRY WHOLE MILK","Nestle USA Inc."
030000576618,"ORIGINAL CRUNCH TREATS WITH RICE CRISPS, ORIGINAL CRUNCH","The Quaker Oats Company"
044000034207,"BANANA BREAD SOFT BAKED BREAKFAST BISCUITS, BANANA BREAD","Nabisco Biscuit Company"
021000083176,"ORIGINAL CREAM CHEESE SPREAD, ORIGINAL","Kraft Heinz Foods Company"
722252312556,"CRUNCHY PEANUT BUTTER MINIS SNACK-SIZE ENERGY BARS, CRUNCHY PEANUT BUTTER","Clif Bar and Company"
722252385994,"CRUNCHY PEANUT BUTTER SNACK-SIZE MINIS ENERGY BARS, CRUNCHY PEANUT BUTTER","Clif Bar and Company"
815421011272,"ORGANIC GLUTEN FREE BROWN RICE PASTA, ELBOWS","Jovial Foods, Inc."
851702007688,"TURMERIC GINGER ORGANIC BONE BROTH, TURMERIC GINGER","KETTLE AND FIRE LLC"
722252194299,"ICED OATMEAL COOKIE BAKED WHOLE GRAIN ENERGY SNACK BARS, ICED OATMEAL COOKIE","Clif Bar and Company"
052159701215,"RASPBERRY PEAR ORGANIC WHOLE MILK YOGURT, RASPBERRY PEAR","Stonyfield Farm Inc"
855140002236,"PUMPKIN CINNAMON ANCIENT GRAIN GRANOLA MINIS, PUMPKIN CINNAMON","Purely Elizabeth"
855140002229,"PUMPKIN CINNAMON ANCIENT GRAIN GRANOLA, PUMPKIN CINNAMON","Purely Elizabeth"
810589030158,"PUMPKIN SPICE GRAIN-FREE SUPERFOOD GRANOLA, PUMPKIN SPICE","Purely Elizabeth"
030000316498,"SUMMER BERRY GRANOLA CLUSTERS WITH BLUEBERRIES, RASPBERRIES, AND STRAWBERRIES, SUMMER BERRY","The Quaker Oats Company"
602652170058,"ALMOND & APRICOT FRUIT & NUT BAR, ALMOND & APRICOT","KIND Inc."
602652249655,"ALMOND & COCONUT BARS, ALMOND & COCONUT","KIND Inc."
859908003923,"ALMOND COOKIE BAR, ALMOND","Dang Foods LLC"
602652275791,"APPLE CINNAMON SPICE BAR, APPLE CINNAMON SPICE","KIND Inc."
842379190476,"BLUEBERRY FRUIT & GRAIN CEREAL BARS, BLUEBERRY","Amazon Fulfillment Services, Inc. - Consumables Private Brands"
602652177583,"BLUEBERRY VANILLA & CASHEW FRUIT & NUT BARS, BLUEBERRY VANILLA & CASHEW","KIND Inc."
602652181122,"CARAMEL MACCHIATO HEALTHY GRAINS GRANOLA BAR, CARAMEL MACCHIATO","KIND Inc."
788434102766,"CARAMEL MACCHIATO PROTEIN BARS, CARAMEL MACCHIATO","The Hershey Company"
602652296659,"CARAMEL NUTS & SEA SALT WITH PEANUTS THINS BARS, CARAMEL NUTS & SEA SALT WITH PEANUTS","KIND Inc."
030000562772,"CINNAMON FLAVOR GRANOLA BITES, CINNAMON","The Quaker Oats Company"
602652208003,"CRUNCHY PEANUT BUTTER PROTEIN BARS, CRUNCHY PEANUT BUTTER","KIND Inc."
602652171246,"FRUIT & NUT BARS, FRUIT & NUT","KIND Inc."
602652264016,"HONEY ALMOND BUTTER FILLED NUT BUTTER SNACK BARS, HONEY ALMOND BUTTER","KIND Inc."
602652199806,"HONEY ROASTED NUTS & SEA SALT NUTS & SPICES BAR, HONEY ROASTED NUTS & SEA SALT","KIND Inc."
030000570982,"HONEY SEA SALT ORGANIC PUMPKIN SEED BARS, HONEY SEA SALT","The Quaker Oats Company"
602652170782,"KOREAN CHILI SWEET & SPICY ALMOND BAR, KOREAN CHILI","KIND Inc."
602652181016,"MAPLE PUMPKIN SEEDS WITH SEA SALT HEALTHY GRAINS GRANOLA BAR, MAPLE PUMPKIN SEEDS WITH SEA SALT","KIND Inc."
602652270864,"OATS & HONEY SIMPLE CRUNCH GRANOLA BARS, OATS & HONEY","KIND Inc."
602652184055,"OATS & HONEY WITH TOASTED COCONUT HEALTHY GRAINS GRANOLA BARS, OATS & HONEY WITH TOASTED COCONUT","KIND Inc."
788434102636,"PEANUT BUTTER & JELLY FLAVORED PROTEIN BAR, PEANUT BUTTER & JELLY","The Hershey Company"
602652278921,"PEANUT BUTTER CHEWY MINIS BARS, PEANUT BUTTER","KIND Inc."
602652270871,"PEANUT BUTTER SIMPLE CRUNCH GRANOLA BARS, PEANUT BUTTER","KIND Inc."
030000572740,"PEANUT BUTTER TREATS WITH RICE CRISPS CEREAL BARS, PEANUT BUTTER","The Quaker Oats Company"
602652171598,"ROASTED JALAPENO SWEET & SPICY ALMOND BARS, ROASTED JALAPENO","KIND Inc."
602652181092,"SALTED CARAMEL POPPED HEALTHY GRAINS GRANOLA BAR, SALTED CARAMEL","KIND Inc."
602652171482,"SWEET CAYENNE BBQ SWEET & SPICY ALMOND BARS, SWEET CAYENNE BBQ","KIND Inc."
602652184314,"THAI SWEET CHILI SWEET & SPICY ALMOND BARS, THAI SWEET CHILI","KIND Inc."
602652209031,"TOASTED CARAMEL NUT PROTEIN BARS, TOASTED CARAMEL NUT","KIND Inc."
052000013177,"VANILLA ALMOND FLAVORED WHEY PROTEIN BARS, VANILLA ALMOND","The Quaker Oats Co./gatorade-Van Camp"
602652279232,"VANILLA ALMOND HEALTHY GRAINS GRANOLA CLUSTERS, VANILLA ALMOND","KIND Inc."
602652181047,"VANILLA BLUEBERRY HEALTHY GRAINS GRANOLA BAR, VANILLA BLUEBERRY","KIND Inc."
030000570548,"VANILLA CREAM FLAVOR SLOTH-TASTIC GRANOLA BARS, VANILLA CREAM","The Quaker Oats Company"
658010112093,"GARDEN OF LIFE, FRUITS OF LIFE, MATRIX BAR, SUMMER BERRY, SUMMER BERRY","Garden of Life, Inc."
181945000437,"GOMACRO, THRIVE, ANCIENT SEEDS SUPERFOOD NUT BAR, ALMOND, APRICOT, ALMOND, APRICOT","GO MACRO LLC"
851921006783,"SWEET & BUTTERY BAGELS, SWEFT & BUTTERY","Spring Sola LLC"
071921008598,"PEPPERONI ULTIMATE TOPPINGS PIZZA, PEPPERONI","Nestle USA Inc."
850011443774,"BLUEBERRY PROTEIN WAFFLES, BLUEBERRY","Banza LLC"
850011443767,"HOMESTYLE PROTEIN WAFFLES, HOMESTYLE","Banza LLC"
810003517524,"RASPBERRY DAIRY-FREE YOGURT, RASPBERRY","Once Upon a Farm, LLC"
070470137919,"LOW FAT YOGURT TUBES, BERRY, STRAWBERRY","Yoplait USA"
072830444149,"PLAIN & SIMPLE GREEK YOGURT, PLAIN & SIMPLE","Tillamook County Creamery Association"
052159704377,"STRAWBERRY ORGANIC KIDS LOWFAT YOGURT, STRAWBERRY","Stonyfield Farm Inc"
052159701048,"VANILLA ORGANIC WHOLE MILK YOGURT, VANILLA","Stonyfield Farm Inc"
070470403960,"LIGHT FAT FREE YOGURT, STRAWBERRY, HARVEST PEACH","Yoplait USA"
070470137971,"LIMITED EDITION LOW FAT YOGURT, BERRY, STRAWBERRY","Yoplait USA"
070470403885,"LOW FAT YOGURT, STRAWBERRY, MIXED BERRY, ORIGINAL","Yoplait USA"
052159702946,"PLAIN ORGANIC GREEK WHOLE MILK YOGURT, PLAIN","Stonyfield Farm Inc"
052159006051,"RASPBERRY ORGANIC DAIRY FREE SOY YOGURT, RASPBERRY","Stonyfield Farm Inc"
070470139111,"PLAIN PROTEIN YOGURT-CULTURED ULTRA-FILTERED MILK, PLAIN","Yoplait USA"
052159704384,"MIXED BERRY ORGANIC KIDS LOWFAT YOGURT, MIXED BERRY","Stonyfield Farm Inc"
850003023465,"VANILLA ORGANIC DAIRY-FREE COCONUT YOGURT ALTERNATIVE, VANILLA","Harmless Harvest Inc."
070470433295,"VANILLA FLAVORED GREEK 100 PROTEIN FAT FREE YOGURT, VANILLA","Yoplait USA"
084114112484,"DILL PICKLE KRINKLE CUT POTATO CHIPS, DILL PICKLE","Snyder's-Lance, Inc."
812891020872,"SEA SALT DIPPERS BLACK BEAN CHIPS, SEA SALT","Beanitos, Inc."
073731405154,"SPICY NACHO FLAVORED ROLLED TORTILLA CHIPS, SPICY NACHO","Mission Foods Inc"
073731430019,"YELLOW CORN TORTILLA CHIPS WITH SEA SALT, YELLOW CORN","Mission Foods Inc"
077260090362,"SEMI-SWEET STYLE BAKING CHIPS, SEMI-SWEET STYLE","Russell Stover Candies Inc."
073731405147,"HABANERO AND LIME FLAVORED HOT ROLLED TORTILLA CHIPS, HABANERO AND LIME","Mission Foods Inc"
722252167736,"ENERGY BARS, WILD BLUEBERRY ACAI","Clif Bar and Company"
036200219225,"FIVE CHEESE WITH ROMANO & PARMESAN CHEESES SAUCE, FIVE CHEESE","Mizkan America, Inc."
013800847362,"CHICKEN & DUMPLINGS WHITE MEAT CHICKEN AND FLAT DUMPLINGS IN A CEAMY SAUCE WITH PEAS AND CARROTS, CHICKEN & DUMPLINGS","Nestle Usa-Frozen Food Division"
041390014550,"TERIYAKI SAUCE, ORIGINAL","Kikkoman Sales USA, Inc."
041565280797,"MEDIUM AVOCADO SALSA, MEDIUM AVOCADO","Pace Foods, Inc."
180999000516,"LESSEREVIL, CHIA CRISPS, BAKED CRUNCHY BLACK BEAN CHIPS, CRUNCHY DILL PICKLE, CRUNCHY DILL PICKLE","LesserEvil, LLC"
853555006535,"MAPLE SEA SALT PURE PROMISE MACROBAR, MAPLE SEA SALT","GO MACRO LLC"
722252139986,"CARAMEL MACCHIATO ENERGY BARS, CARAMEL MACCHIATO","Clif Bar and Company"
021000077311,"SLAMMIN' HAM & COLBY JACK CHEESE IN WHEAT BREAD, SLAMMIN' HAM & COLBY","Kraft Heinz Foods Company"
080000519726,"SPICY PEPPER RICE & BEANS WITH TUNA, SPICY PEPPER","StarKist Co."
042272013265,"CHEESE VEGGIE CRUST PIZZA, CHEESE","Amy's Kitchen Inc."
041000082481,"CHEESY BACON MACARONI IN A CHEESY SAUCE WITH BACON BITS, CHEESY BACON MACARONI","Lipton"
851702007381,"COCONUT CURRY & LIME BONE BROTH, COCONUT CURRY & LIME","KETTLE AND FIRE LLC"
042272014101,"MUSHROOMS & SPINACH PENNE WITH BOWLS IN A THREE CHEESE SAUCE, MUSHROOMS & SPINACH","Amy's Kitchen Inc."
851921006462,"SWEET OAT BREAD, SWEET OAT","SOLA"
015300201026,"MAC'N CHEESE FOUR CHEESY PASTA WITH FLAVORED SAUCE, MAC'N CHEESE FOUR CHEESY","The Quaker Oats Co/golden Grain"
021000658978,"ORIGINAL CHEESE SPIRALS PASTA MAC & CHEESE SAUCE MIX, ORIGINAL CHEESE","Kraft Heinz Foods Company"
021000033720,"ORIGINAL MAC & CHEESE MACARONI & CHEESE SAUCE MIX, ORIGINAL MAC & CHEESE","Kraft Heinz Foods Company"
021000658947,"ORIGINAL MACARONI & CHEESE SAUCE MIX, ORIGINAL","Kraft Heinz Foods Company"
021000658800,"TANGY ITALIAN SPAGHETTI, SPICE MIX & PARMESAN CHEESE, TANGY ITALIAN","Kraft Heinz Foods Company"
071921286644,"PEPPERONI ORIGINAL MADE WITH PORK, CHICKEN & BEEF THIN CRUST PIZZA, PEPPERONI","Nestle USA Inc."
850010613284,"TOM YUM CHICKEN BONE BROTH, TOM YUM CHICKEN","KETTLE AND FIRE LLC"
015300201088,"CHICKEN RICE, VERMICELLI, CHICKEN BROTH AND HERBS, CHICKEN","The Quaker Oats Co/golden Grain"
070847812715,"LOCA MOCA COFFEE + ENERGY DRINK, LOCA MOCA","Monster Energy Company"
021000080649,"MACARONI & CHEESE DINNER","Kraft Heinz Foods Company"
717524887504,"COLBY-JACK CHEESE AND RITZ CRACKER SNACK TRAY","Del Monte Fresh Produce N.A., Inc."
024000523697,"DEL MONTE, PASTA SAUCE, FOUR CHEESE, FOUR CHEESE","Del Monte Foods Inc."
070847812517,"IRISH BLEND ENERGY DRINK","Monster Energy Company"
044000060190,"JALAPENO CHEDDAR CRISP & THINS POTATO AND WHEAT CHIPS, JALAPENO CHEDDAR","Nabisco Biscuit Company"
044700011843,"ORIGINAL HAM & CHEESE LOAF, ORIGINAL HAM & CHEESE","Kraft Heinz Foods Company"
037600305440,"PRETZEL FLAVORED CENTER WITH PEANUT BUTTER COATING, PRETZEL","Hormel Foods Corporation"
021000653218,"THREE CHEESE PASTA SHELLS PASTA & CHEESE SAUCE MIX, THREE CHEESE","Kraft Heinz Foods Company"
044000023737,"MISTER SALTY PRETZELS 'N CHEESY DIP, MISTER SALTY","Nabisco Biscuit Company"
013800708588,"NACHO SPICY MAC ULTIMATE PASTA IN A CREAMY NACHO CHEESE SAUCE SEASONED WITH SPICY CHILI PEPPERS, SPICY NACHO MAC","Nestle Usa-Frozen Food Division"
072745807251,"PIZZA CHICKEN PLUS CHICKEN BREAST & VEGETABLES SNACKERS, PIZZA","Perdue Farms Incorporated"
082592634030,"KALE BLAZER FLAVORED BLEND OF 8 JUICES PARTIALLY FROM CONCENTRATE, KALE BLAZER","Naked Juice"
082592634153,"KALE BLAZER KALE FLAVORED BLEND OF 8 JUICES, KALE BLAZER","Naked Juice"
025000100635,"LIGHT CALCIUM & VITAMIN D PULP FREE ORANGE JUICE, LIGHT CALCIUM & VITAMIN D PULP FREE","The Minute Maid Company"
025000044885,"LOW ACID WITH CALCIUM PULP FREE ORANGE JUICE , LOW ACID WITH CALCIUM PULP FREE","The Minute Maid Company"
082592660329,"MIGHTY MANGO A BLEND OF 5 JUICES, MIGHTY MANGO","Naked Juice"
082592660640,"MIGHTY MANGO BLEND OF 5 JUICES PARTIALLY FROM CONCENTRATE, MIGHTY MANGO","Naked Juice"
082592633187,"MIGHTY MANGO BLEND OF 5 JUICES, MIGHTY MANGO","Naked Juice"
025000040702,"NO PULP PURE SQUEEZED ORANGE JUICE, NO PULP","The Minute Maid Company"
025000100147,"PULP FREE ORANGE JUICE, PULP FREE","The Minute Maid Company"
025000051395,"PULP FREE WITH BANANA JUICE BLEND, PULP FREE WITH BANANA","The Minute Maid Company"
025000040801,"PULP FREE WITH MANGO JUICE BLEND, PULP FREE WITH MANGO","The Minute Maid Company"
025000040825,"PULP FREE WITH PINEAPPLE JUICE BLEND, PULP FREE WITH PINEAPPLE","The Minute Maid Company"
025000051777,"PULP FREE WITH TANGERINE JUICE BLEND, PULP FREE WITH TANGERINE","The Minute Maid Company"
082592011534,"RAINBOW MACHINE FLAVORED BLEND OF 7 JUICES, RAINBOW MACHINE","Naked Juice"
025000040764,"SOME PULP PURE SQUEEZED ORANGE JUICE, SOME PULP","The Minute Maid Company"
013800152619,"ROASTED VEGETABLE FRENCH BREAD PIZZA, ROASTED VEGETABLE","Nestle Usa-Frozen Food Division"
013800151803,"SAUSAGE & PEPPERONI FRENCH BREAD PIZZAS, SAUSAGE & PEPPERONI","Nestle Usa-Frozen Food Division"
073472001738,"FOOD FOR LIFE, GLUTEN FREE, EXOTIC BLACK RICE BREAD","Food For Life Baking Co Inc"
853584002317,"HONEY OAT 100% WHOLE GRAIN BREAD, HONEY OAT","Canyon Bakehouse LLC"
039978006677,"BOB'S RED MILL, 100% WHOLE WHEAT BREAD MIX","Bob's Red Mill Natural Foods, Inc."
046100036044,"CLOVER VALLEY, CHEESE & STICKS, CHEESE DIP WITH BREAD STICKS","Sargento Foods Inc"
075185006062,"MAPLE BROWN SUGAR SWIRL POTATO BREAD, MAPLE BROWN SUGAR","Martin's Famous Pastry Shoppe, Inc."
024235024815,"RAINIER ORGANIC BAKERY, EZEKIEL 4:9, CINNAMON RAISIN BREAD","Food For Life Baking Co Inc"
072745805592,"LIGHTLY BREADED CHICKEN STRIPS, CHICKEN BREAST MEAT WITH RIB MEAT","Perdue Farms Incorporated"
076808002430,"MULINO BIANCO, BARILLA, GIROTONDI SHORT BREAD BISCUIT AND CANE SUGAR","Barilla G & R F.Lli S.P.A."
036632006608,"NONFAT YOGURT","The Dannon Company, Inc."
070470158624,"RASPBERRY YOGURT, RASPBERRY","Yoplait USA"
070470158297,"STRAWBERRY YOGURT, STRAWBERRY","Yoplait USA"
070470158648,"TROPICAL YOGURT, TROPICAL","Yoplait USA"
070690023627,"FISHER, CHEF'S NATURALS, WALNUT CHIPS","John B. Sanfilippo & Son, Inc."
722252121721,"CRANBERRY RAZZ HYDRATION ELECTROLYTE DRINK MIX, CRANBERRY RAZZ","Clif Bar and Company"
071430017432,"SMOKY BBQ GREEN CABBAGE, RED CABBAGE, BBQ DRESSING, CARROTS, BBQ SEASONING SLAWESOME! KIT, SMOKY BBQ","Dole Fresh Vegetables Inc."
038900030476,"SMOOTH APPLE-RASPBERRY SAUCE WITH DICES OF APPLE, APPLE RASPBERRY","Dole Packaged Foods, LLC"
034000482191,"WHITE CREME EGG-SHAPED CHIPS, WHITE CREME","The Hershey Company"
017077023252,"CRANBERRY CREME BRULEE CULTURED 1% LOWFAT MILK KEFIR, CRANBERRY CREME BRULEE","Lifeway Foods Inc."
722252488565,"SALTED WATERMELON ENERGY CHEWS, SALTED WATERMELON","Clif Bar and Company"
072878176248,"CILANTRO LIME TAQUERIA TACO SAUCE, CILANTRO LIME","Herdez S.A."
078895135480,"LEE KUM KEE, CHILI BLACK BEAN SAUCE","Lee Kum Kee Co. Ltd."
051000129109,"ROASTED GARLIC & HERB ITALIAN SAUCE, ROASTED GARLIC & HERB","Campbell Soup Company"
051000215918,"CREAMY GARLIC BUTTER COOKING SAUCES, CREAMY GARLIC BUTTER","Campbell Soup Company"
051000220653,"HEARTY BEEF STEW COOKING SAUCES, HEARTY BEEF STEW","Campbell Soup Company"
021131451127,"MEAT LASAGNA WITH MOZZARELLA & RICOTTA CHEESE IN HEARTY MARINARA SAUCE, MEAT LASAGNA","Marie Callender's Retail Foods"
704051704060,"HICKORY SMOKED & SEASONED BABY BACK PORK RIBS WITH BARBECUE SAUCE, HICKORY SMOKED & SEASONED","Smithfield Packaged Meats Corp."
054800051014,"CHICKEN & WILD TENDER LONG GRAIN & WILD RICE WITH CHICKEN FLAVORED SAUCE, CHICKEN & WILD","Uncle Ben's Inc."
013800662309,"CHEESE & FIRE-ROASTED CHILE TAMALE WITH A SWEET & SPICY CHILE SAUCE & CILANTRO-LIME RICE, CHEESE & FIRE-ROASTED CHILE","Nestle Usa-Frozen Food Division"
072745804342,"HONEY BBQ GLAZED BREADED CHICKEN BREAST STRIPS WITH RIB MEAT GLAZED WITH HONEY BBQ SAUCE, HONEY BBQ GLAZED","Perdue Farms Incorporated"
810005132152,"LEMON ALMOND PROTEIN BAR, LEMON ALMOND","Laird Superfood, LLC"
025800039470,"LOADED POTATO SOUP WITH SOUR CREAM, TURKEY BACON, AND CHIVES, TOPPED WITH REDUCED FAT CHEDDAR CHEESE, LOADED POTATO","Kraft Heinz Foods Company"
072745807237,"BBQ CHICKEN BREAST & VEGETABLES BREADED PATTIES WITH RIB MEAT SNACKERS, BBQ","Perdue Farms Incorporated"
072745807275,"FIRECRACKER CHICKEN BREAST & VEGETABLES BREADED PATTIES WITH RIB MEAT SNACKERS, FIRECRACKER","Perdue Farms Incorporated"
602652406294,"CARAMEL ALMOND CEREAL, CARAMEL ALMOND","KIND Inc."
076808007381,"THREE CHEESE TORTELLINI, THREE CHEESE","Barilla G & R F.Lli S.P.A."
042272000401,"MACARONI & SOY CHEEZE, SOY CHEEZE","Amy's Kitchen Inc."
044000033972,"FILLED CRACKERS, S'MORES","Nabisco Biscuit Company"
017696000160,"BEEF & CHEESE TAQUITOS, BEEF & CHEESE","Kraft Heinz Foods Company"
050000635764,"EVAPORATED MILK","Nestle USA Inc."
030000572757,"SUMMER NIGHT S'MORES MINI GRANOLA BARS, SUMMER NIGHT S'MORES","The Quaker Oats Company"
181945000826,"CHERRIES + BERRIES MACROBARS, CHERRIES + BERRIES","GO MACRO LLC"
028000130879,"VANILLA ESPRESSO ULTRA CONCENTRATE 100% ARABICA COFFEE, VANILLA","Nestle USA Inc."
602652171796,"CARAMEL ALMOND & SEA SALT BARS, CARAMEL ALMOND & SEA SALT","KIND Inc."
853152120320,"PROTEIN BAR, COFFEE CRUNCH","PROBAR LLC"
853152006822,"S'MORES FLAVORED MEAL BAR, S'MORES","PROBAR LLC"
073731990155,"WHOLE WHEAT PITA BREADS, WHOLE WHEAT","Mission Foods Inc"
025317005586,"HOMESTYLE BREADED CHICKEN BREAST TENDERS, HOMESTYLE","Hormel Foods Corporation"
073435099307,"HAWAIIAN SWEET SLICED BREAD, COCONUT MACADAMIA NUT","King's Hawaiian Bakery West"
023402081309,"7-GRAIN SPROUTED GRAIN SLICED BREAD, 7-GRAIN","Quaker Bakery Brands, Inc."
070077810468,"BREADED CHICKEN AND VEGETABLES WITH PINEAPPLE FRIED RICE., PINEAPPLE CHICKEN","Ajinomoto Foods North America, Inc."
030000054505,"BUTTERMILK CORN MEAL MIX, BUTTERMILK","The Quaker Oats Company"
054800422883,"CHEESY TACO & RICE SEASONING MIX SKILLET MEAL, CHEESY TACO & RICE","Uncle Ben's Inc."
041143090763,"VANILLA YOGURT FLAVORED RAISINS, VANILLA YOGURT","Sun-Maid Growers of California"
025317778008,"APPLEGATE, YOGURT CHEESE","Hormel Foods Corporation"
802763040039,"AMAZIN PRUNES, GREEK YOGURT","Sunsweet Growers, Inc."
041143092491,"YOGURT RAISINS, ORANGE CREAM","Sun-Maid Growers of California"
077782024012,"FOUR CHEESE ITALIAN SAUSAGE, FOUR CHEESE ITALIAN","Johnsonville Sausage, L.L.C."
042272013302,"VEGAN PESTO & ROASTED ARTICHOKE VEGGIE CRUST PIZZA, VEGAN PESTO & ROASTED ARTICHOKE","Amy's Kitchen Inc."
896859000861,"ORGANIC PIZZA SAUCE","Sky Valley Foods Inc."
074027500126,"HOISIN SAUCE, HOISIN","Milky Way Int'L Trading Corp"
074027500034,"OYSTER SAUCE, OYSTER","Milky Way Int'L Trading Corp"
873934000084,"PREMIUM SOY SAUCE","Aloha Shoyu Company, Ltd."
024000047360,"SAUCE WITH GARLIC & ONION","Del Monte Foods Inc."
058807481669,"BAR-B-Q GOURMET POPPING CORN, BAR-B-Q","ORVILLE REDENBACHER'S"
044100102172,"4% SMALL CURD COTTAGE CHEESE WITH PINEAPPLE ADDED, PINEAPPLE","HP Hood LLC"
041570109984,"HONEY MUSTARD FLAVORED CRACKER SNACKS, HONEY MUSTARD","Blue Diamond Growers"
034000476046,"MILK CHOCLATE & PEANUT BUTTER HEARTS, MILK CHOCLATE & PEANUT BUTTER","The Hershey Company"
050000839551,"FAT FREE EVAPORATED MILK","Nestle USA Inc."
076808001457,"GRAIN & LEGUME PASTA, SPAGHETTI, ANGEL HAIR","Barilla G & R F.Lli S.P.A."
041679516768,"BALANCED NUTRITIONAL DRINK","Nestle Healthcare Nutrition, Inc."
050000538812,"CREAMY STRAWBERRY FLAVOR NUTRITIONAL DRINK, CREAMY STRAWBERRY","Nestle USA Inc."
050000774159,"GRAB AND GO NUTRITIONAL DRINK, CREAMY STRAWBERRY, CREAMY STRAWBERRY","Nestle USA Inc."
048500203101,"COCOA & HONEY FLAVORED COLD BREW PREMIUM COFFEE BEVERAGE, COCOA & HONEY","Tropicana Products, Inc."
785357019355,"COFFEE, CARAMEL MACCHIATO","Peet's Coffee and Tea, Inc."
180626000926,"COLD BREW COFFEE","Stumptown Coffee Roasters Inc."
180626000360,"COLD BREW COFFEE WITH MILK","Stumptown Coffee Roasters Inc."
028000046378,"DARK ROAST INSTANT COFFEE MIX","Nestle USA Inc."
052000010893,"ELECTROLYTE WATER BEVERAGE MIX, RASPBERRY LEMONADE","The Quaker Oats Co./gatorade-Van Camp"
800222000969,"FRESH ROASTED DIRECT TRADE COLD COFFEE","Intelligentsia Coffee & Tea, Inc."
073472004005,"SPROUTED ORIGINAL WAFFLES","Food For Life Baking Co Inc"
017077402163,"ORIGINAL TART AND TANGY FROZEN KEFER, ORIGINAL","Lifeway Foods Inc."
051900006067,"CHICKEN BACON HIGH PROTEIN CHIPS, CHICKEN BACON","Land O'Frost, Inc."
044700071960,"CHIPS","Oscar Mayer Foods Corp."
025800039340,"FISH & CHIPS","H.J. Heinz Company"
013000510448,"BREAD & BUTTER CHIPS","Heinz USA"
013000005784,"HAMBURGER DILL CHIPS","Kraft Heinz Foods Company"
080000518828,"WILD ALBACORE TUNA IN WATER WITH LEMON AND DILL, LEMON AND DILL","StarKist Co."
017077128322,"MIXED BERRY KEFIR CULTURED LOWFAT MILK, MIXED BERRY","Lifeway Foods Inc."
017077171168,"MIXED BERRY PROTEIN KEFIR LOWFAT CULTURED MILK SMOOTHIE, MIXED BERRY","Lifeway Foods Inc."
070470290621,"STRAWBERRY BANANA FLAVORED SMOOTH STYLE ORIGINAL LOW FAT YOGURT, STRAWBERRY BANANA","Yoplait USA"
070470004303,"STRAWBERRY FLAVORED SMOOTH STYLE ORIGINAL LOW FAT YOGURT, STRAWBERRY","Yoplait USA"
017077667326,"TRIPLE BERRY TART KEFIR CULTURED LOWFAT MILK SMOOTHIE, TRIPLE BERRY TART","Lifeway Foods Inc."
017077102063,"KEFIR CUP STRAINED CULTURED LOWFAT MILK WITH BLUEBERRY LAVENDER, BLUEBERRY LAVENDER","Lifeway Foods Inc."
017077101066,"KEFIR CUP STRAINED CULTURED LOWFAT MILK WITH STRAWBERRY ROSEHIP, STRAWBERRY ROSEHIP","Lifeway Foods Inc."
017077502061,"ORGANIC SKYR TRADITIONAL ICELANDIC WHOLE MILK YOGURT WITH BLUEBERRIES, BLUEBERRIES","Lifeway Foods Inc."
072745537844,"ST. LOUIS STYLE SEASONED & HARDWOOD SMOKED PORK SPARERIBS IN BARBEQUE SAUCE, ST. LOUIS STYLE","Perdue Farms Incorporated"
070847015246,"ENERGY ICED TEA DRINK, PINK LEMONADE","Monster Energy Company"
070847006121,"ICED TEA","Monster Energy Company"
013800554789,"SALISBURY STEAK ROASTED PATTIES MADE WITH NATURAL BEEF AND PORK TOPPED WITH ONIONS & GRAVY, SALISBURY STEAK","Nestle Usa-Frozen Food Division"
072745538032,"ST. LOUIS STYLE PORK SPARERIBS IN BARBEQUE SAUCE, ST. LOUIS STYLE","Perdue Farms Incorporated"
071429014664,"CILANTRO LIME FLAVORED LONG GRAIN RICE WITH LIME & SPICES, CILANTRO LIME","Zatarain's Inc."
024000255369,"HARVEST TOMATO SAUCE, HARVEST TOMATO","Del Monte Foods Inc."
042272012350,"THAI VEGETABLES & RICE IN A COCONUT CASHEW SAUCE BOWLS, THAI VEGETABLES & RICE IN A COCONUT CASHEW SAUCE","Amy's Kitchen Inc."
850687300050,"GOLDEN THAI MARINADE & SAUCE, GOLDEN THAI","California Olive Ranch, Inc."
042272007479,"CHIPOTLE IN A ZESTY TOMATO SAUCE BAKED BEANS, CHIPOTLE","Amy's Kitchen Inc."
042272007486,"WESTERN IN A SMOKY MAPLE SAUCE BAKED BEANS, WESTERN","Amy's Kitchen Inc."
041129000052,"TRADITIONAL BASIL PESTO SAUCE & SPREAD, TRADITIONAL BASIL PESTO","Riviana Foods Inc."
042272011896,"MEXICAN CASSEROLE BOWLS TOPPED WITH ENCHILADA SAUCE AND CHEESE, MEXICAN CASSEROLE","Amy's Kitchen Inc."
041129000069,"SUN-DRIED TOMATO PESTO SAUCE & SPREAD, SUN-DRIED TOMATO PESTO","Riviana Foods Inc."
042272013364,"MEXICAN INSPIRED VEGGIES & BLACK BEANS WITH RICED CAULIFLOWER IN A CHIPOTLE CASHEW SAUCE, MEXICAN INSPIRED","Amy's Kitchen Inc."
021131800383,"CHICKEN PICCATA PENNE PASTA AND WHITE WINE LEMON BUTTER SAUCE WITH WHITE MEAT CHICKEN AND SPINACH, CHICKEN PICCATA","Marie Callender's Retail Foods"
029000008038,"65% WHIPPED SOFT SPREAD WITH SWEET CREAM BUTTERMILK, SWEET CREAM BUTTERMILK","Nabisco Food Company"
075900003536,"HARD-BOILED EGG WITH PISTACHIOS & CHEDDAR CHEESE","Bob Evans Farms Inc"
181945000154,"BANANA + ALMOND BUTTER PROLONGED POWER MACROBAR, BANANA + ALMOND BUTTER","GO MACRO LLC"
853555006429,"BLUEBERRY + CASHEW BUTTER BLISSFUL DAYBREAK MACROBAR, BLUEBERRY + CASHEW BUTTER","GO MACRO LLC"
013800188038,"CHICKEN FETTUCCINE WHITE MEAT CHICKEN & PASTA IN ALFREDO SAUCE COMFORT CRAVINGS, CHICKEN FETTUCCINE","Nestle Usa-Frozen Food Division"
070470451091,"MARGARITA FLAVORED LIGHT FAT FREE YOGURT, MARGARITA","Yoplait USA"
049900302708,"PINEAPPLE 1.5% LOWFAT SMALL CURD COTTAGE CHEESE, PINEAPPLE","Kraft Heinz Foods Company"
070470461557,"PINEAPPLE GREEK FAT FREE YOGURT, PINEAPPLE","Yoplait USA"
764014293529,"ITALIAN STYLE WITH MOZZARELLA CHEESE SMOKED CHICKEN SAUSAGE, ITALIAN STYLE WITH MOZZARELLA CHEESE","Aidells Sausage Company"
049900100205,"FAT FREE SMALL CURD COTTAGE CHEESE","Kraft Heinz Foods Company"
072830441322,"PACIFIC NORTHWEST HONEY FARMSTYLE GREEK STRAINED NONFAT YOGURT, PACIFIC NORTHWEST HONEY","Tillamook County Creamery Association"
053136892636,"SMOKEHOUSE BARBECUE NUTS SEASONED VIRGINIA PEANUTS, SMOKEHOUSE BARBECUE NUTS","Smithfield Farmland Corp."
025000000294,"SIMPLY, PRESSED APPLE JUICE","The Minute Maid Company"
041800705580,"SPARKLING NON-ALCOHOLIC WHITE GRAPE JUICE COCKTAIL, WHITE GRAPE","Welch Foods Inc"
041800705337,"SPARKLING RED 100% GRAPE JUICE","Welch Foods Inc"
041800705573,"SPARKLING RED GRAPE JUICE COCKTAIL, RED GRAPE","Welch Foods Inc"
041800705344,"SPARKLING WHITE 100% GRAPE JUICE","Welch Foods Inc"
082592010292,"VALENCIA ORANGE COLD PRESSED ORGANIC ORANGE JUICE, VALENCIA ORANGE","Naked Juice"
041800302161,"WATERMELON JUICES FROM CONCENTRATE","Welch Foods Inc"
076183270578,"WATERMELON LEMONADE 10% JUICE - FROM A BLEND OF LEMON AND WATERMELON JUICES, WATERMELON","Snapple Beverage Corp."
025000040146,"WATERMELON PUNCH NATURAL WATERMELON FLAVOR","The Minute Maid Company"
041800203505,"WELCH'S, 100% GRAPE JUICE","Welch Foods Inc"
028000108366,"WHITE GRAPE FLAVORED 100% JUICE BLEND FROM CONCENTRATE, WHITE GRAPE","Nestle USA Inc."
041800704149,"WHITE GRAPE SPARKLING JUICE COCKTAIL FROM CONCENTRATE, WHITE GRAPE","Welch Foods Inc"
021131800451,"MARIE CALLENDER'S, MAC & CHEESE","Marie Callender's Retail Foods"
025000058738,"LEMONADE LIGHT LEMON JUICE, LEMONADE","The Minute Maid Company"
071700186219,"ORANGE JUICE FROM CONCENTRATE, ORANGE","HP Hood LLC"
074027063003,"PEACH SLICES IN ALL NATURAL JUICE","Milky Way Int'L Trading Corp"
024000248873,"PINEAPPLE CHUNKS IN 100% PINEAPPLE JUICE","Del Monte Foods Inc."
024000017776,"PINEAPPLE TIDBITS IN ITS OWN JUICE","Del Monte Foods Inc."
041800202812,"RED SANGRIA JUICE, RED SANGRIA","Welch Foods Inc"
041800705535,"SPARKLING FRUIT PUNCH JUICE BEVERAGE","Welch Foods Inc"
041800302635,"MANGO PINEAPPLE FLAVORED JUICE DRINK BLEND OF CARROT, GRAPE, MANGO AND PINEAPPLE JUICES, MANGO PINEAPPLE","Welch Foods Inc"
041800352166,"TROPICAL CARROT FLAVORED JUICE DRINK BLEND OF CARROT, GRAPE, MANGO AND PINEAPPLE JUICES, TROPICAL CARROT","Welch Foods Inc"
041800316007,"100% APPLE JUICE FROM CONCENTRATE, APPLE","Welch Foods Inc"
071921893682,"SICILIAN RECIPE CRISPY THIN CRUST PIZZA, SICILIAN RECIPE","Nestle USA Inc."
071921723712,"TOMATO MOZZARELLA WITH PESTO THIN & CRISPY PIZZA, TOMATO MOZZARELLA WITH PESTO","Nestle USA Inc."
015300014329,"HOT & SPICY BUFFALO CHICKEN FLAVOR PENNE PASTA, CAYENNE RED PEPPER SAUCE AND CHICKEN BROTH, HOT & SPICY BUFFALO CHICKEN","The Quaker Oats Co/golden Grain"
815709024222,"SALTED CARAMEL PROTEIN CRISP BAR, SALTED CARAMEL","Bulletproof Digital, Inc."
042272007400,"CARROT GINGER ORGANIC SOUPS, CARROT GINGER","Amy's Kitchen Inc."
042272005062,"CREAM OF MUSHROOM SEMI-CONDENSED ORGANIC SOUPS, CREAM OF MUSHROOM","Amy's Kitchen Inc."
030000169247,"CHEDDAR RICE CRISPS, CHEDDAR","The Quaker Oats Company"
021000071302,"MOZZARELLA LOW-MOISTURE CREAMY STRING CHEESE, MOZZARELLA","Kraft Heinz Foods Company"
021000019786,"MOZZARELLA LOW-MOISTURE PART-SKIM MOZZARELLA STRING CHEESE, MOZZARELLA","Kraft Heinz Foods Company"
021000006632,"MOZZARELLA LOW-MOISTURE PART-SKIM STRING CHEESE, MOZZARELLA","Kraft Heinz Foods Company"
046100001059,"SLICED COLBY NATURAL CHEESE, COLBY","Sargento Foods Inc"
046100002230,"ULTRA THIN COLBY-JACK NATURAL CHEESE SLICES, COLBY-JACK","Sargento Foods Inc"
021000070916,"VERDE SALSA, VERDE","Kraft Heinz Foods Company"
034000239962,"COOKIES 'N' CREME BAR, COOKIES 'N' CREME","The Hershey Company"
021000068456,"COLBY & PEPPER JACK COLBY AND MONTEREY JACK CHEESES WITH JALAPENO PEPPERS, COLBY & PEPPER JACK","Kraft Heinz Foods Company"
042272009909,"PESTO GLUTEN FREE RICE CRUST PIZZA, PESTO","Amy's Kitchen Inc."
042272012435,"VEGAN PESTO & ROASTED ARTICHOKE PIZZA, VEGAN PESTO & ROASTED ARTICHOKE","Amy's Kitchen Inc."
042272001934,"SPINACH GLUTEN FREE RICE CRUST PIZZA, SPINACH","Amy's Kitchen Inc."
042272012442,"VEGAN MEATLESS PEPPERONI GLUTEN FREE PIZZA, VEGAN MEATLESS PEPPERONI","Amy's Kitchen Inc."
082592010773,"TROPICAL PROTEIN BLEND WITH 4 JUICES, TROPICAL","Naked Juice"
041570143759,"UNSWEETENED ALMOND PROTEIN POWDER DRINK MIX, UNSWEETENED","Blue Diamond Growers"
041570143384,"VANILLA ALMOND PROTEIN POWDER DRINK MIX, VANILLA","Blue Diamond Growers"
052159006037,"STRAWBERRY ORGANIC DAIRY FREE SOY YOGURT, STRAWBERRY","Stonyfield Farm Inc"
181945000086,"GRANOLA + COCONUT BALANCED GOODNESS MACROBAR, GRANOLA + COCONUT","GO MACRO LLC"
602652170607,"KIND, ALMOND PROTEIN BAR, HICKORY SMOKED, HICKORY SMOKED","KIND Inc."
181945000130,"MACROBAR, SWEET REVIVAL, SESAME BUTTER + DATES","GO MACRO LLC"
602652171673,"MADAGASCAR VANILLA ALMOND NUTS & SPICES BARS, MADAGASCAR VANILLA ALMOND","KIND Inc."
853152120016,"MEAL BAR","PROBAR LLC"
853152100018,"MEAL THE SIMPLY REAL BAR, ORIGINAL TRAIL MIX","PROBAR LLC"
075900007367,"SAUSAGE, EGG & CHEESE BISCUITS","Bob Evans Farms Inc"
013800568090,"FIVE CHEESE LASAGNA LAYERS OF FRESHLY MADE PASTA AND CHEESE IN A BRIGHT AND HERBY TOMATO SAUCE, FIVE CHEESE LASAGNA","Nestle Usa-Frozen Food Division"
013800927699,"KOREAN-STYLE BBQ SAUCE & MEATBALLS, KOREAN-STYLE BBQ","Nestle Usa-Frozen Food Division"
013800303424,"MACARONI & CHEESE","Nestle Usa-Frozen Food Division"
013800783974,"RICOTTA CHEESE & SPINACH RAVIOLI IN A RICH TOMATO GARLIC SAUCE, RICOTTA CHEESE & SPINACH","Nestle Usa-Frozen Food Division"
013800171320,"SHRIMP & ANGEL HAIR PASTA IN A CREAMY WINE SAUCE, SHRIMP & ANGEL HAIR PASTA","Nestle Usa-Frozen Food Division"
017400223267,"CILANTRO & LIME JASMINE RICE, CILANTRO & LIME","Riviana Foods Inc."
017400223212,"CILANTRO LIMON JASMINE RICE, CILANTRO LIMON","Riviana Foods Inc."
041143052471,"WATERMELON SOUR GOLDEN RAISINS SNACKS, WATERMELON","Sun-Maid Growers of California"
818148020688,"LEMON PEPPER DRESSING & MARINADE, LEMON PEPPER","Tessemae's LLC"
072878275101,"MEDIUM SALSA CASERA, MEDIUM","Herdez S.A."
042272004003,"MEDIUM SALSA, MEDIUM","Amy's Kitchen Inc."
072878275637,"MILD SALSA CASERA, MILD","Herdez S.A."
042272004010,"MILD SALSA, MILD","Amy's Kitchen Inc."
896859000120,"KOREAN BBQ SAUCE","Sky Valley Foods Inc."
858867005603,"ORGANIC PLUM SAUCE","Sky Valley Foods Inc."
027815004573,"PIZZA SAUCE DIPPERS","Smithfield Packaged Meats Corp."
078895126396,"PREMIUM SOY SAUCE","Lee Kum Kee Co. Ltd."
078895121933,"SAUCE FOR LEMON CHICKEN","Lee Kum Kee Co. Ltd."
078895124651,"SAUCE FOR TERIYAKI CHICKEN","Lee Kum Kee Co. Ltd."
855140002137,"COCONUT CASHEW GRAIN-FREE SUPERFOOD BAR, COCONUT CASHEW","Purely Elizabeth"
073570530628,"BUTTERMILK RANCH FOOTBOWL DIP, BUTTERMILK RANCH","HP Hood LLC"
046100400142,"COLBY-JACK FINE CUT SHREDDED NATURAL CHEESE, COLBY-JACK","Sargento Foods Inc"
072745804762,"WHOLE GRAIN BREADED CHICKEN BREAST TENDERS PATTIES WITH RIB MEAT, WHOLE GRAIN","Perdue Farms Incorporated"
788434103985,"S'MORES FLAVORED PROTEIN BARS, S'MORES","The Hershey Company"
070470452289,"MANGO FLAVORED GREEK 100 PROTEIN FAT FREE YOGURT, MANGO","Yoplait USA"
070470452265,"PINEAPPLE FLAVORED GREEK 100 PROTEIN FAT FREE YOGURT, PINEAPPLE","Yoplait USA"
070470146072,"RASPBERRY FLAVORED PROTEIN YOGURT-CULTURED ULTRA-FILTERED MILK, RASPBERRY","Yoplait USA"
846675002389,"SNACK SIZE SANDWICH BAR, BLUEBERRY & OATMEAL","Campbell Soup Company"
070470444499,"BANANA CARAMEL FLAVORED GREEK 100 PROTEIN FAT FREE YOGURT, BANANA CARAMEL","Yoplait USA"
070470363110,"CARAMEL LATTE FLAVORED GREEK 100 PROTEIN FAT FREE YOGURT, CARAMEL LATTE","Yoplait USA"
070470461595,"STRAWBERRY BANANA FLAVORED GREEK 100 PROTEIN FAT FREE YOGURT, STRAWBERRY BANANA","Yoplait USA"
070470743158,"TROPICAL FRUIT FLAVORED GREEK 100 PROTEIN FAT FREE YOGURT, TROPICAL FRUIT","Yoplait USA"
070470400174,"ORANGE CREME FLAVORED PROTEIN GREEK 100 CALORIES FAT FREE YOGURT, ORANGE CREME","Yoplait USA"
044000065843,"FOUR CHEESE & HERB CHEESE CRISPERS POTATO AND WHEAT CHIPS, FOUR CHEESE & HERB","Nabisco Biscuit Company"
044000022808,"FOUR CHEESE CRACKERFULS FILLED CRACKERS, FOUR CHEESE","Nabisco Biscuit Company"
044000051075,"MULTIGRAIN TOASTED CHIPS, MULTIGRAIN","Nabisco Biscuit Company"
030000572559,"NACHO CHEESE ALMOND FLOUR TORTILLA STYLE CHIPS, NACHO CHEESE","The Quaker Oats Company"
044000051105,"ORIGINAL CORN & WHEAT TOASTED CHIPS, ORIGINAL","Nabisco Biscuit Company"
044000051044,"ORIGINAL TOASTED CHIPS, ORIGINAL","Nabisco Biscuit Company"
044000055530,"ORIGINAL WITH CREAMY ONION & SEA SALT CRISP & THINS POTATO AND WHEAT CHIPS, ORIGINAL WITH CREAMY ONION & SEA SALT","Nabisco Biscuit Company"
071430001653,"QUINOA DIP, DRIED CRANBERRIES & CHERRIES, HERB CROSTINI CRACKERS MINI MEAL","Dole Fresh Vegetables Inc."
030000572566,"RANCH ALMOND FLOUR TORTILLA STYLE CHIPS, RANCH","The Quaker Oats Company"
044000015596,"RITZ, TOASTED CHIPS, ORIGINAL, ORIGINAL","Nabisco Biscuit Company"
044000058012,"ROSEMARY & JALAPENO WOVEN WITH CHIA SEEDS CRACKERS, ROSEMARY & JALAPENO","Nabisco Biscuit Company"
044000043254,"SALSA VERDE CORN & WHEAT TOASTED CHIPS, SALSA VERDE","Nabisco Biscuit Company"
044000050948,"SALT & VINEGAR CRISP & THINS POTATO AND WHEAT CHIPS, SALT & VINEGAR","Nabisco Biscuit Company"
044000055196,"SMOKED CHIPOTLE CRISP & THINS POTATO AND WHEAT CHIPS, SMOKED CHIPOTLE","Nabisco Biscuit Company"
044000057343,"SOUR CREAM & ONION TOASTED CHIPS, SOUR CREAM & ONION","Nabisco Biscuit Company"
044000037000,"SOUR CREAM AND ONION TOASTED CHIPS, SOUR CREAM AND ONION","Nabisco Biscuit Company"
044000036232,"SOUTHWEST CHILI TOASTED CHIPS, SOUTHWEST CHILI","Nabisco Biscuit Company"
043000083529,"ACAI BLUEBERRY DRINK MIX PACKETS, ACAI BLUEBERRY","Kraft Heinz Foods Company"
043000005989,"BERRY SANGRIA LIQUID DRINK MIX, BERRY SANGRIA","Kraft Heinz Foods Company"
043000083567,"BLACK CHERRY DRINK MIX PACKETS, BLACK CHERRY","Kraft Heinz Foods Company"
043000006191,"BLACKBERRY LEMONADE LIQUID DRINK MIX, BLACKBERRY LEMONADE","Kraft Heinz Foods Company"
043000080917,"BRRR BERRY ARTIFICIALLY FLAVORED DRINK, BRRR BERRY","Kraft Heinz Foods Company"
043000955628,"CAFFEINE FREE CHERRY UNSWEETENED DRINK MIX, CHERRY","Kraft Heinz Foods Company"
043000955635,"CAFFEINE FREE GRAPE UNSWEETENED DRINK MIX, GRAPE","Kraft Heinz Foods Company"
043000955611,"CAFFEINE FREE STRAWBERRY UNSWEETENED DRINK MIX, STRAWBERRY","Kraft Heinz Foods Company"
043000945421,"CLASSIC ORANGE FLAVOR DRINK MIX, CLASSIC ORANGE","Kraft Heinz Foods Company"
043000046012,"DRINK MIX, HALF LEMONADE & HALF ICED TEA","Kraft Heinz Foods Company"
049000057171,"ICED COFFEE DRINK WITH DOMORI COCOA & LOWFAT MILK","Coca-Cola USA Operations"
049000065329,"ICED COFFEE DRINK WITH LOWFAT MILK & COCOA, CAPPUCCINO","Coca-Cola USA Operations"
043000023457,"KOOL-AID, SINGLES, DRINK MIX, ORANGE, ORANGE","Kraft Heinz Foods Company"
043000955697,"LEMONADE CAFFEINE FREE UNSWEETENED DRINK MIX, LEMONADE","Kraft Heinz Foods Company"
043000069356,"LEMONADE FLAVORED LOW CALORIE DRINK MIX, LEMONADE","Kraft Heinz Foods Company"
043000006283,"MANGO PASSIONFRUIT LIQUID DRINK MIX, MANGO PASSIONFRUIT","Kraft Heinz Foods Company"
043000083536,"MANGO PINEAPPLE DRINK MIX PACKETS, MANGO PINEAPPLE","Kraft Heinz Foods Company"
043000083550,"MIXED BERRY PROTEIN DRINK MIX, MIXED BERRY","Kraft Heinz Foods Company"
043000075883,"MOCHA + S'MORES COFFEE DRINK MIX, MOCHA + S'MORES","Kraft Heinz Foods Company"
087684008737,"ORGANIC APPLE JUICE DRINK FROM CONCENTRATE, APPLE","Kraft Heinz Foods Company"
657622721006,"ORGANIC JUICE DRINK, POMEGRANATE BLUE, POMEGRANATE BLUE","The Coca-Cola Company"
043000078723,"PEACH HARVEST ICED TEA DRINK, PEACH HARVEST","Kraft Heinz Foods Company"
043000080252,"PEACH LEMONADE FLAVORED SPARKLING DRINK, PEACH LEMONADE","Kraft Heinz Foods Company"
043000036952,"PEACH MANGO DRINK MIX WITH CAFFEINE, PEACH MANGO","Kraft Heinz Foods Company"
043000047149,"PEACH MANGO FLAVORED JAMMERS DRINK, PEACH MANGO","Kraft Heinz Foods Company"
043000079133,"PINK LEMONADE FLAVORED SPARKLING DRINK, PINK LEMONADE","Kraft Heinz Foods Company"
043000065174,"PREMIUM ICED COFFEE DRINK WITH ALMOND MILK, VANILLA","Kraft Heinz Foods Company"
049000045321,"SPORTS DRINK WITH VITAMINS B3, B6 & B12, GRAPE","Coca-Cola USA Operations"
043000083543,"STRAWBERRY BANANA DRINK MIX PACKETS, STRAWBERRY BANANA","Kraft Heinz Foods Company"
043000950531,"STRAWBERRY KIWI FLAVOR DRINK MIX, STRAWBERRY KIWI","Kraft Heinz Foods Company"
043000951323,"STRAWBERRY LEMONADE FLAVORED DRINK MIX, STRAWBERRY LEMONADE","Kraft Heinz Foods Company"
043000079102,"STRAWBERRY LEMONADE FLAVORED SPARKLING DRINK, STRAWBERRY LEMONADE","Kraft Heinz Foods Company"
043000083581,"STRAWBERRY PINEAPPLE DRINK MIX PACKETS, STRAWBERRY PINEAPPLE","Kraft Heinz Foods Company"
043000953501,"TROPICAL PUNCH FLAVOR DRINK MIX, TROPICAL PUNCH","Kraft Heinz Foods Company"
043000078617,"TROPICAL PUNCH FLAVORED SPARKLING DRINK, TROPICAL PUNCH","Kraft Heinz Foods Company"
043000082010,"WATERMELON SLAM SOUR JAMMERS DRINK, WATERMELON SLAM","Kraft Heinz Foods Company"
043000083574,"WICKED CITRUS DRINK MIX PACKETS, WICKED CITRUS","Kraft Heinz Foods Company"
043000007686,"ACAI BERRY BLISS LIQUID DRINK MIX, ACAI BERRY","Kraft Heinz Foods Company"
043000080696,"BERRY BLUE ZERO CALORIE SOFT DRINK, BERRY BLUE","Kraft Heinz Foods Company"
049000074529,"BLUE RASPBERRY CHERRY SPORTS DRINK, BLUE RASPBERRY CHERRY","Coca-Cola USA Operations"
043000045848,"CAFFEINE FREE STRAWBERRY KIWI DRINK MIX, STRAWBERRY KIWI","Kraft Heinz Foods Company"
043000060858,"CRYSTAL LIGHT, DRINK MIX, CONCORD GRAPE, CONCORD GRAPE","Kraft Heinz Foods Company"
087684001035,"GRAPE FLAVORED JUICE DRINK BLEND FROM CONCENTRATE, GRAPE","Kraft Heinz Foods Company"
049000067842,"ILLY, ESPRESSO DRINK WITH MILK AND VANILLA, CAFFE VANILLA AFFOGATO","Coca-Cola USA Operations"
072878176231,"AVOCADO CILANTRO TAQUERIA STREET TACO SAUCE, AVOCADO CILANTRO","Herdez S.A."
071921848378,"PEPPERONI, MOZZARELLA & CHUNKY TOMATO SAUCE PIZZA BUNS, PEPPERONI","Nestle USA Inc."
028000142865,"ROASTED GARLIC & PESTO SAUCE DUOS, ROASTED GARLIC & PESTO","Nestle USA Inc."
037600378574,"SPAGHETTI & MEAT SPAGHETTI IN A SAVORY MEAT SAUCE, SPAGHETTI & MEAT","Hormel Foods Corporation"
076808008340,"SUN-DRIED TOMATO PESTO SAUCE, SUN-DRIED TOMATO","Barilla G & R F.Lli S.P.A."
030000565063,"BLUEBERRY NUT BAKED FLATS CRISPY SNACK BARS, BLUEBERRY NUT","The Quaker Oats Company"
895716001140,"BREAD & BUTTER PICKLES, BREAD & BUTTER","Joseph's Fine Foods, LLC"
054800420872,"SPANISH STYLE RICE FLAVOR INFUSIONS, SPANISH STYLE","Uncle Ben's Inc."
054800420216,"BEEF RICE WITH CARROTS & HERBS, BEEF","Uncle Ben's Inc."
071429012431,"BLACK BEANS & RICE SEASONED WHITE RICE WITH BLACK BEANS AND BELL PEPPERS BIG EASY HEAT & SERVE RICE, BLACK BEANS & RICE","Zatarain's Inc."
028000516017,"CHICKEN FLAVORED RICE SOUP MIX, CHICKEN","Nestle USA Inc."
021131905385,"ITALIANO LASAGNA FRESHLY MADE LASAGNA LAYERED WITH A SAVORY MARINARA MEAT SAUCE, FOUR CHEESES & HERBS, ITALIANO LASAGNA","Marie Callender's Retail Foods"
021000069507,"CHEDDAR CHEESE, SUGAR COOKIES, BUTTER CRACKERS PAIRING PLATE, CHEDDAR CHEESE, SUGAR COOKIES, BUTTER CRACKERS","Kraft Heinz Foods Company"
021131111144,"SWEET CORN SWEET WHOLE CORN KERNELS IN A CREAMY CORNMEAL BATTER WITH A TOUCH OF CHEESE CASSEROLE SIDES, SWEET CORN","Marie Callender's Retail Foods"
044000069865,"FUDGE FILLED CHEWY SOFT COOKIES, FUDGE FILLED","Nabisco Biscuit Company"
030000321072,"OATMEAL RAISIN NUT FLAVOR BAKED BARS, OATMEAL RAISIN NUT","The Quaker Oats Company"
722252261342,"CRANBERRY ALMOND FRUIT & NUT TRAIL MIX BAR, CRANBERRY ALMOND","Clif Bar and Company"
722252671110,"STRAWBERRY BANANA FRUIT SMOOTHIE FILLED ENERGY BAR, STRAWBERRY BANANA","Clif Bar and Company"
030000564929,"BLUEBERRY BAKED SQUARES WITH FRUIT FILLING SOFT BAKED BARS, BLUEBERRY","The Quaker Oats Company"
602652275173,"CARAMEL ALMOND PUMPKIN SPICE BARS, CARAMEL ALMOND PUMPKIN SPICE","KIND Inc."
030000561812,"CRANBERRY ALMOND BREAKFAST FLATS CRISPY SNACK BARS, CRANBERRY ALMOND","The Quaker Oats Company"
028000202033,"CRISPETY, CRUNCHETY, PEANUT-BUTTERY BAR, CRISPETY, CRUNCHETY, PEANUT-BUTTERY","Nestle USA Inc."
030000322598,"GIRL SCOUTS, CARAMEL COCONUT FLAVOR GRANOLA BARS, CARAMEL COCONUT","The Quaker Oats Company"
028000615574,"PEANUT BUTTER CRISP FUN SIZE BAR, PEANUT BUTTER CRISP","Nestle USA Inc."
030000563243,"PEANUT BUTTER DELIGHT FLAVOR GRANOLA BARS, PEANUT BUTTER DELIGHT","The Quaker Oats Company"
030000564752,"PEANUT BUTTER MARSHMALLOW FLAVOR GRANOLA BARS, PEANUT BUTTER MARSHMALLOW","The Quaker Oats Company"
030000560129,"RAISIN CINNAMON BAKED FLATS CRISPY SNACK BARS, RAISIN CINNAMON","The Quaker Oats Company"
602652199844,"RASPBERRY CASHEW & CHIA FRUIT & NUT BAR, RASPBERRY CASHEW & CHIA","KIND Inc."
030000563281,"STRAWBERRY BAKED SQUARES WITH FRUIT FILLING SOFT BAKED BARS, STRAWBERRY","The Quaker Oats Company"
052159090036,"STRAWBERRY BANANA KIDS LOWFAT YOGURT, STRAWBERRY BANANA","Stonyfield Farm Inc"
073731071540,"WHOLE WHEAT + HONEY OAT TORTILLA WRAPS, WHOLE WHEAT + HONEY OAT","Mission Foods Inc"
073472001851,"BROWN RICE GLUTEN FREE ENGLISH MUFFINS, BROWN RICE","Food For Life Baking Co Inc"
052159012052,"WHOLE MILK","Stonyfield Farm Inc"
072745804892,"ORGANICS BREADED TENDER SHAPED CHICKEN BREAST PATTIES WITH RIB MEAT, CHICKEN BREAST TENDERS","Perdue Farms Incorporated"
078895150360,"TRIPLE CITRUS GRILLING & DIPPING SAUCE, TRIPLE CITRUS","Lee Kum Kee Co. Ltd."
070470185057,"STRAWBERRY ROSE FLAVORED FRENCH STYLE YOGURT, STRAWBERRY ROSE","Yoplait USA"
024094070411,"PENNE RIGATE, ENRICHED MACARONI PRODUCT","F.Lli De Cecco Di Filippo Fara"
075717320000,"RIENZI, ANGEL HAIR CAPELLINI, ENRICHED MACARONI PRODUCT","Rienzi & Sons Inc."
017400106041,"BROCCOLI WITH CHEESE RICE MIX WITH SEASONINGS, BROCCOLI WITH CHEESE","Riviana Foods Inc."
054800423521,"MUSHROOM RISOTTO READY RICE, MUSHROOM RISOTTO","Uncle Ben's Inc."
042272011247,"CHILI MAC & CHEESE MADE WITH ORGANIC RICE PASTA, TOMATOES & BEANS, CHILI MAC & CHEESE","Amy's Kitchen Inc."
072878275583,"MEDIUM SALSA TAQUERA, MEDIUM","Herdez S.A."
028400323185,"SALSA VERDE TORTILLA CHIPS, SALSA VERDE","DORITOS"
044100102936,"2% REDUCED FAT MILK","HP Hood LLC"
028000517809,"SWEETENED CONDENSED MILK, SWEETENED","Nestle USA Inc."
088194340614,"VANILLA FLAVOR CREAM TOP WHOLE MILK YOGURT, VANILLA","Stonyfield Farm Inc"
071429091955,"GARLIC & HERB LONG GRAIN WHITE RICE AND ORZO PASTA WITH SAVORY SEASONINGS RICE MIX, GARLIC & HERB","Zatarain's Inc."
072530010262,"MINIMUM SMALL CURD DAIRY COTTAGE CHEESE","HP Hood LLC"
050000176540,"ORIGINAL FLAVOR CASHEW MILK CREAMER, ORIGINAL","Nestle USA Inc."
042272012459,"VEGAN SUPREME PIZZA, VEGAN SUPREME","Amy's Kitchen Inc."
073472005637,"SPROUTED PENNE COMPLETE PROTEIN PASTA","Food For Life Baking Co Inc"
042272013289,"SPINACH VEGGIE CRUST PIZZA, SPINACH","Amy's Kitchen Inc."
846675001672,"APPLESAUCE MASHUPS WITH CARROT & MANGO, CARROT & MANGO","Sun-Maid Growers of California"
856069005124,"ROSEMARY & SEA SALT ALMOND FLOUR. CRACKERS, ROSEMARY & SEA SALT","Simple Mills"
858867005559,"HOT SRIRACHA SAUCE, HOT SRIRACHA","Sky Valley Foods Inc."
042272000418,"GARDEN VEGETABLE LASAGNA MADE WITH ORGANIC RICE PASTA & VEGETABLES, GARDEN VEGETABLE","Amy's Kitchen Inc."
072878128919,"HERDEZ, COCINA MEXICANA, BEEF BARBACOA BOWL","Herdez S.A."
071757056749,"HIBACHI SEASONED CHICKEN FRIED RICE","Ajinomoto USA Inc."
070470474021,"STRAWBERRY FLAVORED LOW FAT YOGURT, STRAWBERRY","Yoplait USA"
030000001196,"YOGURT WITH STRAWBERRIES AND CREAM, STRAWBERRIES AND CREAM","The Quaker Oats Company"
070470454351,"TWISTED LOW FAT YOGURT, STRAWBERRY MANGO TANGO, STRAWBERRY MANGO TANGO","Yoplait USA"
072830440028,"OREGON BLUEBERRY GREEK LOWFAT YOGURT, OREGON BLUEBERRY","Tillamook County Creamery Association"
021000072934,"CREAMY TOMATO SHELLS SAUCE WITH PASTA AND PARMESAN CHEESE, CREAMY TOMATO SHELLS","Kraft Heinz Foods Company"
052159703028,"STRAWBERRY ORGANIC 100% GRASSFED WHOLE MILK YOGURT, STRAWBERRY","Stonyfield Farm Inc"
052159530549,"STRAWBERRY ORGANIC ON THE BOTTOM GREEK NONFAT YOGURT, STRAWBERRY","Stonyfield Farm Inc"
052159701307,"BLACK CHERRY ORGANIC ON THE BOTTOM GREEK NONFAT YOGURT, BLACK CHERRY","Stonyfield Farm Inc"
052159702113,"PEAR ORGANIC GREEK NONFAT YOGURT & CHIA SEEDS, PEAR","Stonyfield Farm Inc"
070470461564,"STRAWBERRY GREEK FAT FREE YOGURT, STRAWBERRY","Yoplait USA"
070470465494,"BLACK CHERRY FLAVORED PLENTIFUL GREEK LOW FAT YOGURT WITH WHOLE GRAIN OATS, FLAX & PUMPKIN SEEDS, BLACK CHERRY","Yoplait USA"
021000642779,"CREAMY FRENCH FAT FREE DRESSING, CREAMY FRENCH","Kraft Heinz Foods Company"
070470002699,"LEMON BURST LOW FAT YOGURT MOUSSE, LEMON BURST","Yoplait USA"
051000222015,"PREGO, SUMMER SQUASH $ HERBS ITALIAN SAUCE","Campbell Soup Company"
070470465524,"STRAWBERRY FLAVORED PLENTIFUL GREEK LOW FAT YOGURT WITH WHOLE GRAIN OATS, FLAX & PUMPKIN SEEDS, STRAWBERRY","Yoplait USA"
070470465548,"YOPLAIT, PLENTI, PLENTIFUL GREEK LOW FAT YOGURT, RASPBERRY, RASPBERRY","Yoplait USA"
021000008971,"APPLE BROWN SUGAR BBQ SAUCE, APPLE BROWN SUGAR","Kraft Heinz Foods Company"
070470482378,"CHERRIES 'N CREAM FLAVORED GREEK LOW FAT YOGURT MOUSSE, CHERRIES 'N CREAM","Yoplait USA"
021000008834,"CREAMY LEMON POPPY SEED DRESSING, CREAMY LEMON POPPY SEED","Kraft Heinz Foods Company"
030000001387,"GREEK CORNER LOWFAT YOGURT, PINEAPPLE PASSION FRUIT","The Quaker Oats Company"
070470466958,"OATMEAL WITH GREEK YOGURT, VANILLA","Yoplait USA"
070470449845,"FAT FREE GREEK YOGURT MOUSSE, BLACK CHERRY, RASPBERRY","Yoplait USA"
070470492179,"FAT FREE YOGURT MOUSSE, ORANGE CRANBERRY","Yoplait USA"
070470455914,"MIXED BERRY GREEK 100 CALORIES FAT FREE YOGURT, MIXED BERRY","Yoplait USA"
070470461625,"BLACK CHERRY GREEK 100 CALORIES FAT FREE YOGURT, BLACK CHERRY","Yoplait USA"
070470404691,"CARAMEL MACCHIATO FLAVORED GREEK 100 FAT FREE YOGURT, CARAMEL MACCHIATO","Yoplait USA"
070470466910,"MAPLE BROWN SUGAR FLAVORED OATMEAL MEETS WITH GREEK YOGURT, MAPLE BROWN SUGAR","Yoplait USA"
070470482323,"STRAWBERRIES 'N CREAM FLAVORED GREEK LOW FAT YOGURT MOUSSE, STRAWBERRIES 'N CREAM","Yoplait USA"
021000067473,"DENVER SCRAMBLE APPLEWOOD SMOKED HAM, MILD CHEDDAR CHEESE, POTATOES, GREEN PEPPERS & ONIONS KIT, DENVER SCRAMBLE","Kraft Heinz Foods Company"
021000036400,"TOMATO BASIL BALSAMIC VINAIGRETTE DRESSING, TOMATO BASIL BALSAMIC VINAIGRETTE","Kraft Heinz Foods Company"
021000060009,"GREEK VINAIGRETTE DRESSING, GREEK VINAIGRETTE","Kraft Heinz Foods Company"
013000000956,"MAYOCUE SAUCY SAUCE, MAYOCUE","Kraft Heinz Foods Company"
070470466897,"OATMEAL MEETS GREEK YOGURT, APPLE CINNAMON","Yoplait USA"
025800020287,"ANGEL HAIR MARINARA ANGEL HAIR PASTA IN MARINARA SAUCE WITH SPINACH AND ZUCCHINI, ANGEL HAIR MARINARA","Kraft Heinz Foods Company"
070470138671,"STRAWBERRY LEMONADE SORBET FLAVORED GREEK 100 CALORIES FAT FREE YOGURT MOUSSE, STRAWBERRY LEMONADE SORBET","Yoplait USA"
021000008865,"CREAMY BLACKBERRY BALSAMIC DRESSING, CREAMY BLACKBERRY BALSAMIC","Kraft Heinz Foods Company"
021000046461,"SPICY RANCH DRESSING, SPICY RANCH","Kraft Heinz Foods Company"
021000054916,"CLASSIC CAESAR DRESSING, CLASSIC CAESAR","Kraft Heinz Foods Company"
021000072910,"TOMATO PARMESAN ROTINI TOMATO SAUCE WITH PASTA AND PARMESAN CHEESE, TOMATO PARMESAN ROTINI","Kraft Heinz Foods Company"
013000006095,"TOMATO KETCHUP","Heinz USA"
181945000840,"CASHEW BUTTER SWEET REJUVINATION MACROBAR, CASHEW BUTTER","GO MACRO LLC"
028000748517,"PEANUT BUTTER CRISP BAR, PEANUT BUTTER CRISP","Nestle USA Inc."
181945000857,"PEANUT BUTTER PROTEIN REPLENISHMENT MACROBAR, PEANUT BUTTER","GO MACRO LLC"
030000318850,"PEANUT BUTTER TREATS CEREAL BARS, PEANUT BUTTER","The Quaker Oats Company"
073570130064,"BUTTERMILK RANCH DIP, BUTTERMILK RANCH","HP Hood LLC"
722252541260,"CINNAMON ALMOND SWIRL WHOLE NUTRITION BARS, CINNAMON ALMOND SWIRL","Clif Bar and Company"
722252200723,"HONEY SALTED PEANUT WHOLE NUTRITION BARS, HONEY SALTED PEANUT","Clif Bar and Company"
722252015488,"WHOLE NUTRITION BAR, CINNAMON, ALMOND SWIRL","Clif Bar and Company"
722252437914,"SALTED CARAMEL FLOW SALTY SWEET BARS, SALTED CARAMEL FLOW","Clif Bar and Company"
044000051440,"MINI CRUNCH BARS, PERUVIAN SWEET POTATO","Nabisco Biscuit Company"
044000044213,"ROASTED VEGETABLE FRESH STACKS CRACKERS, ROASTED VEGETABLE","Nabisco Biscuit Company"
041000140662,"MATZO BALL & SOUP MIX, MATZO BALL","Lipton"
041000006739,"CHICKEN NOODLE SOUP MIX, CHICKEN","Lipton"
044100156243,"4% SMALL CURD COTTAGE CHEESE WITH STRAWBERRY, STRAWBERRY","HP Hood LLC"
722252845610,"BLUEBERRY ALMOND BUTTER ORGANIC NUT BUTTER FILLED ENERGY BARS, BLUEBERRY ALMOND BUTTER","Clif Bar and Company"
722252879493,"CAPPUCCINO MINIS ENERGY BARS, CAPPUCCINO","Clif Bar and Company"
722252127914,"MAPLE ALMOND BUTTER NUT BUTTER FILLED ENERGY BAR, MAPLE ALMOND BUTTER","Clif Bar and Company"
041570130520,"SRIRACHA FLAVORED SNACK CRACKERS, SRIRACHA","Blue Diamond Growers"
054800472321,"GARDEN VEGETABLE RICE WITH PEAS, CARROTS & CORN","Uncle Ben's Inc."
071921620523,"4 MEAT SAUSAGE, BEEF, PEPPERONI, CANADIAN BACON ORIGINAL PIZZA, 4 MEAT","Nestle USA Inc."
052159006044,"BLUEBERRY DAIRY FREE SOY YOGURT, BLUEBERRY","Stonyfield Farm Inc"
052159006082,"VANILLA DAIRY FREE SOY YOGURT, VANILLA","Stonyfield Farm Inc"
071921000189,"PEPPERONI & SAUSAGE ORIGINAL PIZZA, PEPPERONI & SAUSAGE","Nestle USA Inc."
072745807039,"PANKO BREADED CHICKEN BREAST & VEGETABLE PATTIES, PANKO BREADED","Perdue Farms Incorporated"
012700155218,"GARDEN STYLE TWIRLS SIMPLY PERFECT PASTA","Riviana Foods Inc."
071730007379,"NO YOLKS, BROAD ENRICHED EGG WHITE PASTA","Riviana Foods Inc."
042272012213,"PESTO PENNE PASTA WITH VEGETABLES BOWLS, PESTO","Amy's Kitchen Inc."
896859000939,"TERIYAKI SAUCE","Sky Valley Foods Inc."
052200041314,"BANANA FRUITY OAT BARS BABY FOOD, BANANA","Beech-Nut Nutrition Corp."
052200041215,"MADE WITH REAL FRUIT & WHOLE GRAIN BANANA & COCOA BARS, BANANA & COCOA","Beech-Nut Nutrition Corp."
072830702287,"CHIVE & ONION FARMSTYLE CREAM CHEESE SPREAD, CHIVE & ONION","Tillamook County Creamery Association"
050000743056,"SWEET OAT MILK CREAMER, SWEET OAT","Nestle USA Inc."
073080114219,"RICOTTA PREMIUM WHOLE MILK CHEESE, RICOTTA","HP Hood LLC"
044100157660,"LACTOSE FREE PROTEIN 2% REDUCED FAT MILK","HP Hood LLC"
050000513536,"HAZELNUT PLANT BASED OAT MILK CREAMER, HAZELNUT","Nestle USA Inc."
050000308460,"SWEET CREAM REAL MILK & CREAMER, SWEET CREAM","Nestle USA Inc."
046100354704,"CHEESE & CRACKERS MONTEREY JACK & MILK CHEDDAR CHEESES AND WHEAT THINS MINI ORIGINAL SNACKS, CHEESE & CRACKERS","Sargento Foods Inc"
058449550006,"NATURE'S PATH, ORGANIC WHOLE GRAIN BROWN CRISPY RICE CEREAL","Nature's Path Foods Inc."
042421160604,"BOAR'S HEAD, BARBECUE SAUCE","Boar's Head Provision Co., Inc."
024000322207,"CHICKEN BROTH","Del Monte Foods Inc."
073435050056,"BBQ SAUCE","King's Hawaiian Bakery West"
024000356714,"DELUXE MARINARA SAUCE, DELUXE","Del Monte Foods Inc."
041129000021,"TRADITIONAL PASTA SAUCE, TRADITIONAL","Riviana Foods Inc."
071757106437,"TERIYAKI BEEF TENDER BEEF IN A SWEET & SAVORY SAUCE WITH VEGETABLES & RICE TAKE-OUT BOX, TERIYAKI BEEF","Ajinomoto USA Inc."
013800955265,"CHEESE & BEAN ENCHILADA VERDE WITH A TANGY VERDE SAUCE & A SIDE OF MEXICAN-STYLE SEASONED CORN, CHEESE & BEAN VERDE","Nestle Usa-Frozen Food Division"
046100400180,"MONTEREY JACK FINE CUT SHREDDED NATURAL CHEESE, MONTEREY JACK","Sargento Foods Inc"
046100303962,"MILD CHEDDAR SHREDDED NATURAL CHEESE, MILD CHEDDAR","Sargento Foods Inc"
046100400289,"MILD CHEDDAR TRADITIONAL CUT SHREDDED NATURAL CHEESE, MILD CHEDDAR","Sargento Foods Inc"
072830905022,"SPICY BERRY PEPPER JACK CHEESE, MARIONBERRY SPREAD & MULTIGRAIN CRACKERS BITE, SPICY BERRY","Tillamook County Creamery Association"
046100400234,"MILD CHEDDAR FINE CUT SHREDDED NATURAL CHEESE, MILD CHEDDAR","Sargento Foods Inc"
044000065126,"CHEDDAR CHEESE CRISPERS POTATO AND WHEAT CHIPS, CHEDDAR","Nabisco Biscuit Company"
044100109836,"FAT FREE SMALL CURD COTTAGE CHEESE WITH PINEAPPLE, PINEAPPLE","HP Hood LLC"
079813061102,"FIG & BALSAMIC GOURNAY CHEESE, FIG & BALSAMIC","Societe Commerciale Boursin"
044100159312,"PINEAPPLE 4% COTTAGE CHEESE, PINEAPPLE","HP Hood LLC"
722252458957,"SALTED CARAMEL CASHEW WHEY PROTEIN BARS, SALTED CARAMEL CASHEW","Clif Bar and Company"
850397004231,"1 APPLE + 1/4 PINEAPPLE FRUIT BAR, APPLE + PINEAPPLE","That's It Nutrition, LLC"
014800005295,"APPLESAUCE, APPLE","Mott's LLP"
854181005220,"TESSEMAE'S, ALL NATURAL DRESSING, MARINADE, DIP, LEMON GARLIC, LEMON GARLIC","Tessemae's LLC"
078895136562,"THAI SWEET CHILI SAUCE","Lee Kum Kee Co. Ltd."
024000322023,"BROTH, CHICKEN","Del Monte Foods Inc."
072878127349,"MEDIUM / HOT CLASSIC MEXICAN SALSA, MEDIUM / HOT","Herdez S.A."
072878127400,"MEDIUM / HOT SALSA PIQUINA, MEDIUM / HOT","Herdez S.A."
058449165255,"MIXED BERRIES GRANOLA BITES","Nature's Path Foods Inc."
029000026803,"CHEESE FLAVORED SNACKS BALLS, CHEESE","Nabisco Food Company"
818148020954,"CLASSIC RANCH DRESSING & DIP CUPS, CLASSIC RANCH","Tessemae's LLC"
030000575574,"TANGY BARBECUE RICE CHIPS, TANGY BARBECUE","The Quaker Oats Company"
037600730129,"CHICKEN AND QUINOA WITH VEGETABLES IN SAUCE","Hormel Foods Corporation"
037600145947,"MINI TACOS, SHREDDED BEEF & CHEESE","Hormel Foods Corporation"
850000486164,"THAI PEANUT BUTTER KETO BAR, THAI PEANUT BUTTER","Dang Foods LLC"
859908003527,"TOASTED COCONUT KETO BAR, TOASTED COCONUT","Dang Foods LLC"
058449771609,"CRUNCHY MAPLE CEREAL","Nature's Path Foods Inc."
747599414947,"PEPPERMINT BARK FLAVOR SQUARES, PEPPERMINT BARK","Ghirardelli Chocolate Company"
050000548774,"SWEET & SPICY PLUM SAUCE, SWEET & SPICY PLUM","Nestle USA Inc."
044100709326,"RASPBERRY CRUNCH VANILLA FLAVORED LOWFAT FROZEN YOGURT WITH RASPBERRY SWIRL AND GRANOLA CRUNCH, RASPBERRY CRUNCH","HP Hood LLC"
051000212085,"CAMPBELL'S, SOUPS FOR EASY COOKING SWEET ONION SOUP","Campbell Soup Company"
013800151704,"CHEESE FRENCH BREAD PIZZAS, CHEESE","Nestle Usa-Frozen Food Division"
070085035129,"PIZZA SNACKS!","Heinz Frozen Food Company"
025800022434,"THREE CHEESE MACARONI ELBOW MACARONI BLENDED WITH CHEDDAR, ASIAGO AND ROMANO CHEESES, THREE CHEESE MACARONI","Kraft Heinz Foods Company"
017696070200,"BEEF BARBACOA","H.J. Heinz Company"
046704096802,"CHEDDAR & BACON LOADED POTATO SKINS STUFFED WITH CHEDDAR CHEESE AND APPLEWOOD SMOKED BACON, CHEDDAR & BACON","Kraft Heinz Foods Company"
021000008858,"GARLIC SMASHED BUFFALO DRESSING, GARLIC SMASHED BUFFALO","Kraft Heinz Foods Company"
858328762250,"ORGANIC VEGETABLE BARLEY SOUP CANS","Campbell Soup Company"
046704068472,"POTATO SKINS STUFFED WITH CHEDDAR CHEESE AND APPLEWOOD SMOKED BACON, CHEDDAR & BACON","Kraft Heinz Foods Company"
759283600703,"VEGGIE BURGER, CHEESEBURGER","Kraft Heinz Foods Company"
025155000255,"MAC & CHEESE WITH BACON","Heinz Frozen Food Company"
025155057020,"ANGUS BEEF WITH CORNBREAD, ANGUS BEEF","Kraft Heinz Foods Company"
021000075584,"CAJUN STYLE ALFREDO RICE WITH SAUSAGE RICE AND CHEESE DINNER, CAJUN STYLE","Kraft Heinz Foods Company"
070085038403,"PIZZA SNACKS, BUFFALO STYLE CHICKEN","Heinz Frozen Food Company"
025800052400,"THREE CHEESE ZITI WITH MEATBALLS","H.J. Heinz Company"
025155057037,"PIZZA","Heinz Frozen Food Company"
051000206619,"SMOKY HAM & POTATO WITH CHEESE SOUP, SMOKY HAM & POTATO WITH CHEESE","Campbell Soup Company"
025800027743,"BREAKFAST WRAP EGG, SAUSAGE AND CHEESE","H.J. Heinz Company"
021000043477,"HOMESTYLE MACARONI & CHEESE, CREAMY BROCCOLI","Kraft Heinz Foods Company"
070085034726,"MINI BAGELS TOPPED WITH CHEESE, SAUSAGE & PEPPERONI","Kraft Heinz Foods Company"
043000080764,"SUPREME PIZZA, CLASSIC CRUST","Kraft Heinz Foods Company"
025155057013,"DEEP DISH THREE MEAT PIZZA","Heinz Frozen Food Company"
017696000153,"CHICKEN & CHEESE TAQUITOS","H.J. Heinz Company"
017696409703,"CHICKEN & CHEESE TAQUITOS, CHICKEN & CHEESE","Kraft Heinz Foods Company"
070085142124,"HOME STYLE SOUP","Heinz Frozen Food Company"
021000043385,"HOME STYLE SOUTHWEST TORTILLA","Kraft Heinz Foods Company"
025155000279,"SHELLS & CHEESE BITES","Heinz Frozen Food Company"
025155067050,"STUFFED GRILLED CHEESE","Heinz Frozen Food Company"
021000050314,"TACO BELL, SOFT TORTILLA STEAK & CHEESE TACO DINNER KIT","Kraft Heinz Foods Company"
025155067036,"HAM & CHEESE","Heinz Frozen Food Company"
044700087534,"PEPPERONI WALKING PIZZA","Kraft Heinz Foods Company"
952100018959,"ITALIAN HERB BAKED CHICKEN & PASTA SEASONING MIX, ITALIAN HERB BAKED CHICKEN & PASTA","MCCORMICK"
042272006465,"AMY'S, BROCCOLI CHEDDAR ORGANIC SOUPS","Amy's Kitchen Inc."
015300013247,"BEEF FLAVOR RICE, VERMICELLI, BEEF BROTH AND CARROTS, BEEF","The Quaker Oats Co/golden Grain"
075900007978,"CAGE FREE EGGS WITH CHEDDAR & PARMESAN CHEESE OMELET ROLLS, CHEDDAR & PARMESAN CHEESE","Bob Evans Farms Inc"
072530568817,"LOWFAT COTTAGE CHEESE WITH PINEAPPLE & CHERRIES, PINEAPPLE & CHERRIES","HP Hood LLC"
851387007676,"UNCURED BACON & CHEDDAR CHEESE BREAKFAST BAR WITH HASH BROWNS, UNCURED BACON & CHEDDAR CHEESE","Vital Farms Inc."
046100020401,"SHARP WHITE CHEDDAR, MILD YELLOW CHEDDAR CHEESES, SHARP WHITE CHEDDAR, MILD YELLOW CHEDDAR","Sargento Foods Inc"
013800166180,"CHICKEN MARSALA TENDER WHITE MEAT CHICKEN IN A MARSALA WINE SAUCE WITH MUSHROOM & PEA RISOTTO, CHICKEN MARSALA","Nestle Usa-Frozen Food Division"
042272013203,"MAC & 3 CHEESE WITH CAULIFLOWER BOWLS, MAC & 3 CHEESE WITH CAULIFLOWER","Amy's Kitchen Inc."
715141212303,"THREE CHEESE EGG BITES, THREE CHEESE","Eggland's Best, Inc."
021000604692,"SWISS PASTEURIZED PREPARED CHEESE PRODUCT, SWISS","Kraft Heinz Foods Company"
021000065646,"PASTEURIZED PREPARED CHEESE PRODUCT, MOZZARELLA","Kraft Heinz Foods Company"
021000067831,"SAUCE CHEESE, QUESO BLANCO","Kraft Heinz Foods Company"
021000044894,"SHARP CHEDDAR PASTEURIZED PREPARED CHEESE PRODUCT SLICES, SHARP CHEDDAR","Kraft Heinz Foods Company"
021000023745,"WHITE AMERICAN CHEESE SLICES","Kraft Heinz Foods Company"
021000048786,"PHILADELPHIA, ORIGINAL CREAM CHEESE","Kraft Heinz Foods Company"
021000051052,"PASTEURIZED PREPARED CHEDDAR CHEESE PRODUCT, SHARP","Kraft Heinz Foods Company"
021000024926,"AMERICAN REDUCED FAT PASTEURIZED PREPARED CHEESE SLICES PRODUCT, AMERICAN","Kraft Heinz Foods Company"
021000052486,"JALAPENO CHEESE SAUCE, JALAPENO","Kraft Heinz Foods Company"
021000040049,"JALAPENO PASTEURIZED RECIPE CHEESE PRODUCT WITH JALAPENO PEPPERS, JALAPENO","Kraft Heinz Foods Company"
021000038961,"SHARP CHEDDAR PASTEURIZED RECIPE CHEESE PRODUCT, SHARP CHEDDAR","Kraft Heinz Foods Company"
021000051212,"WHITE AMERICAN PASTEURIZED PREPARED CHEESE PRODUCT SLICES, WHITE AMERICAN","Kraft Heinz Foods Company"
021000036868,"AMERICAN CHEESE SLICES","Kraft Heinz Foods Company"
021000037605,"LIQUID GOLD QUESO BLANCO PASTEURIZED RECIPE CHEESE PRODUCT, QUESO BLANCO","Kraft Heinz Foods Company"
021000056699,"ORIGINAL PASTEURIZED RECIPE CHEESE PRODUCT, ORIGINAL","Kraft Heinz Foods Company"
021000033553,"QUESO BLANCO PASTEURIZED RECIPE CHEESE PRODUCT, QUESO BLANCO","Kraft Heinz Foods Company"
021000067961,"AMERICAN PASTEURIZED PREPARED CHEESE PRODUCT","Kraft Heinz Foods Company"
021000077083,"AMERICAN PASTEURIZED PREPARED CHEESE SLICES PRODUCT, AMERICAN","Kraft Heinz Foods Company"
021000051205,"AMERICAN SINGLES PASTEURIZED PREPARED CHEESE PRODUCT, AMERICAN","Kraft Heinz Foods Company"
021000051045,"QUESO BLANCO PASTEURIZED PREPARED CHEESE PRODUCT","Kraft Heinz Foods Company"
021000051236,"SINGLES AMERICAN PASTEURIZED PREPARED CHEESE PRODUCT","Kraft Heinz Foods Company"
021000051038,"2% MILK CHEESE","Kraft Heinz Foods Company"
021000024872,"SWISS SINGLES 2% MILK REDUCED FAT PASTEURIZED PREPARED CHEESE PRODUCT, SWISS","Kraft Heinz Foods Company"
051000207845,"CONDENSED SOUP, CREAM OF CHICKEN","Campbell Soup Company"
042272013593,"CHEESE RAVIOLI WITH TOMATO SAUCE, CHEESE WITH TOMATO SAUCE","Amy's Kitchen Inc."
042272011698,"MEATLESS PEPPERONI PIZZA, MEATLESS PEPPERONI","Amy's Kitchen Inc."
042272003846,"MARGHERITA GLUTEN FREE PIZZA, MARGHERITA","Amy's Kitchen Inc."
722252102409,"PEANUT TOFFEE BUZZ ENERGY BAR, PEANUT TOFFEE BUZZ","Clif Bar and Company"
042272001040,"PESTO PIZZA, PESTO","Amy's Kitchen Inc."
042272001910,"3 CHEESE MOZZARELLA, CHEVRE, PARMESAN CORNMEAL CRUST PIZZA, 3 CHEESE","Amy's Kitchen Inc."
853152120436,"PRO BAR, BASE, PROTEIN BAR, COFFEE CRUNCH, COFFEE CRUNCH","PROBAR LLC"
024000256069,"TOMATO SAUCE, TOMATO","Del Monte Foods Inc."
042272011186,"TORTELLINI WITH MUSHROOMS & PEAS IN CREAM SAUCE, MUSHROOMS & PEAS IN CREAM SAUCE","Amy's Kitchen Inc."
041000142192,"GREEK VINAIGRETTE DRESSING","Lipton"
896859000588,"ORGANIC NON DAIRY THOUSAND ISLAND DRESSING","Sky Valley Foods Inc."
073435000297,"HONEY WHEAT SLICED BREAD, HONEY WHEAT","King's Hawaiian Bakery West"
013800448705,"SAVORY CHICKEN & RICE TENDER WHITE MEAT CHICKEN WITH RICE & VEGETABLES IN A SAVORY SAUCE, SAVORY CHICKEN & RICE","Nestle Usa-Frozen Food Division"
024000355762,"BREAD CRUMBS","Del Monte Foods Inc."
024000101178,"BREAD CRUMBS ITALIAN STYLES","Del Monte Foods Inc."
028000332846,"RIB FLAVORED SOUP MIX, RIB","Nestle USA Inc."
855482006756,"AVOCADO RANCH ORGANIC DRESSING, AVOCADO RANCH","Tessemae's LLC"
052159013073,"WILD BERRY FLAVORED PROBIOTIC PROTEIN SMOOTHIE GRADE A LOWFAT YOGURT, WILD BERRY","Stonyfield Farm Inc"
070470419459,"BLUEBERRY FLAVORED LIGHT YOGURT WITH GRANOLA, BLUEBERRY","Yoplait USA"
070470419428,"STRAWBERRY FLAVORED LIGHT YOGURT WITH GRANOLA, STRAWBERRY","Yoplait USA"
013800447883,"TUNA NOODLE CASSEROLE FRESHLY MADE EGG NOODLES, TUNA, MUSHROOMS, CELERY & PEAS IN A CREAMY SAUCE, TUNA NOODLE CASSEROLE","Nestle Usa-Frozen Food Division"
028000788582,"BUNCHA BANANA PROTEIN PLUS ENHANCED MILK BEVERAGE, BUNCHA BANANA","Nestle USA Inc."
058449153283,"SUPERFOOD SNACK BAR, NUTS & SEEDS & SEA SALT","NATURE'S PATH ORGANIC"
070662401026,"BEEF VERYVEGGIE RAMEN NOODLE SOUP, BEEF","Nissin Foods USA Co Inc"
034000453610,"MINI PEANUT BUTTER CHIPS","REESE'S"
071921879556,"PEPPERONI - ROUGH-CHOPPED PEPPERONI - SLICED PEPPERONI - MOZZARELLA - PROVOLONE MILWAUKEE STYLE PIZZA, PEPPERONI","Nestle USA Inc."
029000026094,"BARBECUE SEASONED PEANUTS AND PRETZELS NUT CLUSTERS, BARBECUE","Nabisco Food Company"
750049548833,"BARE NUTRITION ENERGY BAR, SWEET, SPICY NUT","The Nature's Bounty Co."
750049582790,"NUTRITION ENERGY BAR, SEA SALT CARAMEL NUT","The Nature's Bounty Co."
602652244803,"NUTS & SPICES BAR, CARAMEL ALMOND PUMPKIN SPICE","KIND Inc."
750049548918,"SEA SALT CARAMEL NUT NUTRITION ENERGY BAR","The Nature's Bounty Co."
042222260213,"TURKEY BURGER BLENDS OF WHITE TURKEY, BLACK BEANS, WHOLE GRAIN BROWN RICE, AND PEPITAS, TURKEY BURGER","Jennie-O Turkey Store, Inc."
024000622512,"BEEF BROTH","Del Monte Foods Inc."
024000244721,"CHICKEN BROTH CONCENTRATE","Del Monte Foods Inc."
041000210051,"ONION RECIPE SOUP & DIP MIX, ONION","Lipton"
042272006298,"CHUNKY TOMATO BISQUE ORGANIC SOUPS, CHUNKY TOMATO BISQUE","Amy's Kitchen Inc."
860002152424,"HONEY GRAIN FREE CEREAL, HONEY","Three Wishes Foods Inc."
041570130001,"HINT OF SEA SALT MINI ALMOND & RICE CRACKER SNACKS, HINT OF SEA SALT","Blue Diamond Growers"
041570058732,"PEPPER JACK CHEESE RICE CRACKER SNACKS WITH ALMONDS, PEPPER JACK CHEESE","Blue Diamond Growers"
042272000432,"VEGAN ORGANIC RICE MAC & CHEEZE, VEGAN CHEEZE","Amy's Kitchen Inc."
073731405024,"QUESO JALAPENO TORTILLA CHIPS, QUESO JALAPENO","Mission Foods Inc"
602652170645,"THAI SWEET CHILI ALMOND BAR","KIND Inc."
853152100025,"WHOLEBERRY BLAST BAR","PROBAR LLC"
818068009220,"STRAWBERRY & RASPBERRY GRANOLA, STRAWBERRY & RASPBERRY","Silk Trails, Inc."
027815111363,"PEPPERONI CRACKER CRUNCHERS, PEPPERONI","Smithfield Packaged Meats Corp."
042272012367,"ITALIAN SUPREME PIZZA WRAP, ITALIAN SUPREME PIZZA","Amy's Kitchen Inc."
042272011865,"ROASTED VEGETABLE NO CHEESE GLUTEN FREE PIZZA, ROASTED VEGETABLE NO CHEESE","Amy's Kitchen Inc."
042272012466,"ITALIANO 4 CHEESE FONTINA, PROVOLONE, PARMESAN, MOZZARELLA GLUTEN FREE PIZZA, ITALIANO 4 CHEESE","Amy's Kitchen Inc."
025400011043,"ORIGINAL BAKED PITA CHIPS, ORIGINAL","Kraft Heinz Foods Company"
070662030127,"SHRIMP FLAVOR HOT & SPICY RAMEN NOODLE SOUP, SHRIMP","Nissin Foods USA Co Inc"
070662031025,"SPICY LIME SHRIMP RAMEN NOODLE SOUP, SPICY LIME SHRIMP","Nissin Foods USA Co Inc"
044000056582,"CHEDDAR BAKED SNACK CRACKERS, CHEDDAR","Nabisco Biscuit Company"
042272009695,"BLACK BEAN & RICE TAQUITOS SNACKS","Amy's Kitchen Inc."
030000319864,"BBQ FLAVOR RICE SNACKS, BBQ","The Quaker Oats Company"
041570094556,"ORIGINAL LACTOSE FREE ALMONDMILK, ORIGINAL","Blue Diamond Growers"
300875119617,"Enfagrow Neuro Pro Milk Toddler Next Step Nutritional Drink Ready to Drink - 32 Fl. Oz.","Enfamil"
030000572726,"CRUNCH BERRIES CEREAL BARS, CRUNCH BERRIES","The Quaker Oats Company"
722252271402,"BLUEBERRY BLISS WHOLE NUTRITION BARS, BLUEBERRY BLISS","Clif Bar and Company"
722252723840,"CRUNCHY PEANUT BUTTER ENERGY BARS, CRUNCHY PEANUT BUTTER","Clif Bar and Company"
028029127713,"BREADED PACIFIC FLOUNDER, BREADED","Trident Seafoods Corp."
013800151919,"FRENCH BREAD PEPPERONI PIZZA, FRENCH BREAD PEPPERONI","Nestle Usa-Frozen Food Division"
071012041053,"UNBLEACHED BREAD FLOUR","The King Arthur Flour Company, Inc."
073472003817,"PROPHET'S POCKET BREAD, PROPHET'S POCKET","Food For Life Baking Co Inc"
073472001417,"FLOURLESS SPROUTED GRAIN & SEED BREAD","Food For Life Baking Co Inc"
862871000301,"CAULIFLOWER PIZZA CRUSTS, CAULIFLOWER","CAULIPOWER, LLC"
021000062348,"STRAWBERRY MULTIGRAIN BAGEL CHIPS & CREAM CHEESE DIP, STRAWBERRY","Kraft Heinz Foods Company"
021000073634,"JALAPENO CHEDDAR CREAM CHEESE DIPS WITH TORTILLA CHIPS, JALAPENO CHEDDAR","Kraft Heinz Foods Company"
030000571736,"SOUR CREAM & CHIVE FLAVOR RICE CHIPS, SOUR CREAM & CHIVE","The Quaker Oats Company"
021000062362,"CHIVE & ONION MULTIGRAIN BAGEL CHIPS & CREAM CHEESE DIP, CHIVE & ONION","Kraft Heinz Foods Company"
044115833016,"ROASTED RED PEPPER HOMMUS SNACK PACK WITH HOMMUS CHIPS, ROASTED RED PEPPER","Cedar's Mediterranean Foods, Inc."
071429098404,"LONG GRAIN AND WILD RICE WITH SPICES, LONG GRAIN AND WILD RICE","Zatarain's Inc."
041570142714,"SRIRACHA FLAVORED RICE CRACKER SNACKS WITH ALMONDS, SRIRACHA","Blue Diamond Growers"
024000302704,"COLLEGE INN, CHICKEN BROTH WITH ROASTED VEGETABLES & HERB","Del Monte Foods Inc."
019001233744,"BROCCOLI CHEDDAR SOUP WITH PARMESAN","Campbell Soup Company"
051000148735,"TOMATO CONDENSED SOUP, TOMATO","Campbell Soup Company"
051000148711,"CHICKEN NOODLE SOUP, CHICKEN NOODLE","Campbell Soup Company"
051000168948,"CREAM OF MUSHROOM CONDENSED SOUP, CREAM OF MUSHROOM","Campbell Soup Company"
043000077443,"BROCCOLI CHEDDAR SOUP WITH A TWIST OF BUTTERNUT SQUASH, BROCCOLI CHEDDAR","Kraft Heinz Foods Company"
043000083680,"WHITE CHICKEN CHILI SOUP WITH A TWIST OF CAULIFLOWER, WHITE CHICKEN CHILI","Kraft Heinz Foods Company"
042272001217,"CHEESE PIZZA SNACKS, CHEESE","Amy's Kitchen Inc."
021000069521,"CHEESE PAIRING PLATE, CHEDDAR JACK CHEESE, WOVEN WHOLE WHEAT CRACKERS","Kraft Heinz Foods Company"
034000184767,"CARAMELIZED CREME PEANUTS & PRETZELS HEARTS, CARAMELIZED CREME","The Hershey Company"
602652406300,"CINNAMON ALMOND CEREAL, CINNAMON ALMOND","KIND Inc."
030000575413,"RED, WHITE & BLUE CRUNCH TREATS WITH RICES CRISPS CEREAL BARS, RED, WHITE & BLUE CRUNCH","The Quaker Oats Company"
722252483171,"BLUEBERRY & ALMOND BUTTER CEREAL, BLUEBERRY & ALMOND BUTTER","Clif Bar and Company"
722252922052,"BLUEBERRY CRISP ENERGY GRANOLA, BLUEBERRY CRISP","Clif Bar and Company"
722252922021,"COCOA ALMOND ENERGY GRANOLA, COCOA ALMOND","Clif Bar and Company"
722252483218,"HONEY & PEANUT BUTTER CEREAL, HONEY & PEANUT BUTTER","Clif Bar and Company"
851702007701,"CHICKEN & ANCIENT GRAIN HEARTY SOUP, CHICKEN & ANCIENT GRAIN","KETTLE AND FIRE LLC"
073472003824,"7-GRAIN POCKET BREAD, 7-GRAIN","Food For Life Baking Co Inc"
073472001240,"FLAX FLOURLESS SPROUTED GRAIN BREAD, FLAX","Food For Life Baking Co Inc"
046100400968,"MOZZARELLA & PROVOLONE SHREDDED WHOLE MILK LOW MOISTURE WITH SMOKE FLAVOR NATURAL CHEESES, MOZZARELLA & PROVOLONE","Sargento Foods Inc"
046100354063,"PEPPER JACK & COLBY-JACK RITZ CHEESE MINI CRACKERS, PEPPER JACK & COLBY-JACK","Sargento Foods Inc"
030000311233,"OATMEAL RAISIN GRANOLA BARS, OATMEAL RAISIN","The Quaker Oats Company"
030000572795,"BIRTHDAY BLAST MINI GRANOLA BARS, BIRTHDAY BLAST","The Quaker Oats Company"
856069005766,"GARLIC & HERB ORGANIC SEED FLOUR CRACKERS, GARLIC & HERB","Simple Mills"
855140002540,"ORIGINAL ANCIENT GRAIN GRANOLA + PUFFS CEREAL","Purely Elizabeth"
810589030318,"CINNAMON ALMOND CAULI HOT CEREAL, CINNAMON ALMOND","Purely Elizabeth"
810589030325,"STRAWBERRY HAZELNUT CAULI HOT CEREAL, STRAWBERRY HAZELNUT","Purely Elizabeth"
030000565940,"ORGANIC MULTIGRAIN HOT CEREAL WITH RED QUINOA, RED QUINOA","The Quaker Oats Company"
025000025136,"COUNTRY STYLE FROZEN CONCENTRATED ORANGE JUICE, COUNTRY STYLE","The Minute Maid Company"
030000560273,"BLUEBERRY PECAN SUPER GRAINS GRANOLA CLUSTERS, SWEET BLUEBERRIES AND TOASTED PECANS, BLUEBERRY PECAN","The Quaker Oats Company"
024000250449,"TRIPLE BERRY ALMOND OATMEAL WITH MIXED BERRIES, GRANOLA, ALMONDS & PUMPKIN SEEDS, TRIPLE BERRY ALMOND","Del Monte Foods Inc."
030000318843,"CRUNCH BERRIES TREATS CEREAL BARS, CRUNCH BERRIES","The Quaker Oats Company"
025317176545,"SPICY BONELESS SKINLESS BREADED CHICKEN BREAST WITH RIB MEAT CHICKEN BREAST TENDERS, SPICY","Hormel Foods Corporation"
025317176569,"SPICY BONELESS SKINLESS BREADED CHICKEN BREAST CHUNKS WITH RIB MEAT CHICKEN BREAST BITES, SPICY","Hormel Foods Corporation"
054800420490,"ROASTED RED PEPPER BROWN RICE & QUINOA, ROASTED RED PEPPER","Uncle Ben's Inc."
054800420230,"UNCLE BEN'S, RED BEANS & RICE","Uncle Ben's Inc."
070560983624,"BREADED OKRA","The Pictsweet Company"
028029343267,"DILL PICKLE STYLE BREADED APPETIZERS, DILL PICKLE STYLE","Trident Seafoods Corp."
025800027729,"MINI CHEESEBURGER FLAME BROILED BEEF PATTY AND CHEESE ON A MINI-BUN, MINI CHEESEBURGER","Kraft Heinz Foods Company"
621683721251,"BROWN RICE PASTA, VEGETABLE SPIRALS","TINKYADA"
071012081042,"ORGANIC BREAD FLOUR","King Arthur Baking Company Inc."
013800472342,"MAC & CHEESE BITES CRISPY BREADING STUFFED WITH MACARONI AND CREAMY CHEDDAR CHEESE, MAC & CHEESE BITES","Nestle Usa-Frozen Food Division"
857183005878,"SHELLS + VEGAN CHEDDAR PLANT-BASED MAC WITH CHICKPEA PASTA, SHELLS + VEGAN CHEDDAR","Banza LLC"
037600665605,"ORIGINAL ROUNDS TORTILLA CHIPS, ORIGINAL","Hormel Foods Corporation"
037600665612,"ORIGINAL TORTILLA CHIPS STRIPS, ORIGINAL","Hormel Foods Corporation"
030000575123,"CARAMEL RICE CRISPS, CARAMEL","The Quaker Oats Company"
070662407042,"GENERAL TSO'S CHICKEN STIR FRY STYLE RICE WITH CUP NOODLES, GENERAL TSO'S CHICKEN","Nissin Foods USA Co Inc"
021131506452,"SWEET & SOUR CHICKEN FRITTER IN A SWEET & SOUR GLAZE WITH VEGETABLES OVER RICE, SWEET & SOUR CHICKEN","Marie Callender's Retail Foods"
054800423385,"BASMATI READY RICE","Uncle Ben's Inc."
054800423613,"INSTANT WHOLE GRAIN BROWN RICE","Uncle Ben's Inc."
041570109380,"CHIA SEEDS ARTISAN CRACKER SNACKS, CHIA SEEDS","Blue Diamond Growers"
074401960416,"LONG GRAIN AMERICAN JASMINE RICE, JASMINE","Riviana Foods Inc."
030000562482,"SEA SALT & LIME FLAVOR RICE CRISPS, SEA SALT & LIME","The Quaker Oats Company"
030000569559,"HOT & SPICY! BUFFALO RANCH FLAVOR RICE CRISPS, HOT & SPICY! BUFFALO RANCH","The Quaker Oats Company"
039153125483,"GLUTEN FREE PASTA, CUT FUSILLI","Colavita USA, LLC"
030000562376,"ORIGINAL MULTIGRAIN CEREAL, ORIGINAL","The Quaker Oats Company"
070662035016,"BEEF FLAVOR RAMEN NOODLE SOUP, BEEF","Nissin Foods USA Co Inc"
054800423606,"WHOLE GRAIN BROWN RICE","Uncle Ben's Inc."
054800423330,"ORIGINAL LONG GRAIN WHITE RICE, ORIGINAL","Uncle Ben's Inc."
017400110161,"ENRICHED EXTRA LONG GRAIN GOLD PARBOILED RICE","Riviana Foods Inc."
078895158533,"CHICKEN FLAVORED BROWN RICE WITH CARROT & SPRING ONION, CHICKEN","Lee Kum Kee Co. Ltd."
044000020323,"CHEESE BITS CRACKER SANDWICHES, CHEESE","Nabisco Biscuit Company"
868448000064,"ORIGINAL-TERIYAKI CRISPY BEFF JERKY CHIPS, ORIGINAL-TERIYAKI","Aloha Edibles, Inc"
037600805551,"UNCURED HARD SALAMI, WHITE CHEDDAR CHEESE & CRACKERS, UNCURED SALAMI & CHEDDAR","Hormel Foods Corporation"
076808533606,"PROTEIN+ GRAIN & LEGUME PASTA, PENNE","Barilla G & R F.Lli S.P.A."
073731071717,"GARLIC HERB PROTEIN TORTILLA WRAPS, GARLIC HERB","Mission Foods Inc"
188244000090,"THAI STICKY PURPLE RICE","Alter Eco Americas Inc."
071771015296,"WHOLE GRAIN BROWN RICE","Riviana Foods Inc."
054800020010,"LONG GRAIN & WILD RICE","Uncle Ben's Inc."
071757056602,"BROCCOLI BEEF FRIED RICE","Ajinomoto USA Inc."
017400140342,"MINUTE, BLACK BEANS & RICE","Riviana Foods Inc."
017400100889,"READY TO SERVE BROWN RICE","Riviana Foods Inc."
071429013964,"DIRTY RICE WITH EGGS AND SAUSAGE BRUNCH BOWL, DIRTY RICE WITH EGGS AND SAUSAGE","Zatarain's Inc."
017400140366,"WHOLE GRAIN BROWN RICE FAMILY BOWL, WHOLE GRAIN BROWN RICE","Riviana Foods Inc."
034000388578,"PRETZEL DELIGHTS","The Hershey Company"
073472001660,"RICE MILLET GLUTEN FREE BREAD, RICE MILLET","Food For Life Baking Co Inc"
073472001653,"RICE ALMOND GLUTEN FREE BREAD, RICE ALMOND","Food For Life Baking Co Inc"
042272011704,"PAELLA MADE WITH ORGANIC ARBORIO RICE, TOMATOES & PEAS BOWLS, PAELLA","Amy's Kitchen Inc."
013800629678,"SESAME CHICKEN SESAME BREADED WHITE MEAT CHICKEN TENDERLOINS WITH PASTA AND VEGETABLES, SESAME CHICKEN","Nestle Usa-Frozen Food Division"
042272006472,"ORGANIC SOUPS POTATO LEEK","Amy's Kitchen Inc."
850000486126,"TROPICAL MANGO COCONUT CHIPS, TROPICAL MANGO","Dang Foods LLC"
030000312629,"CARAMEL APPLE FLAVOR GRANOLA BARS, CARAMEL APPLE","The Quaker Oats Company"
853584002058,"100% WHOLE GRAIN HAMBURGER BUNS, 100% WHOLE GRAIN","Canyon Bakehouse LLC"
852251000106,"COOKIES 'N' CREME MILKSHAKE, COOKIES 'N' CREME","Hp Hood LLC-Licensed Products"
030000571767,"SPLENDID STRAWBERRY CHEWY FRUITY FUN GRANOLA BARS, SPLENDID STRAWBERRY","The Quaker Oats Company"
030000571781,"SPLENDID STRAWBERRY FRUITY FUN GRANOLA BARS, SPLENDID STRAWBERRY","The Quaker Oats Company"
030000573136,"STRAWBERRY GRANOLA BARS, STRAWBERRY","The Quaker Oats Company"
025000025617,"LEMONADE FROZEN CONCENTRATED LEMON JUICE, LEMONADE","The Minute Maid Company"
013800523259,"CHICKEN WITH ALMONDS TENDER WHITE MEAT CHICKEN WITH RICE, VEGETABLES & ALMONDS, CHICKEN WITH ALMONDS","Nestle Usa-Frozen Food Division"
044000044206,"GARLIC BUTTER CRACKERS, GARLIC BUTTER","Nabisco Biscuit Company"
024000249146,"ASIAN STYLE SOY SESAME WITH QUINOA & BROWN RICE VEGGIE BOWL, ASIAN STYLE SOY SESAME","Del Monte Foods Inc."
030000311875,"COOKIES & CREAM GRANOLA BARS, COOKIES & CREAM","The Quaker Oats Company"
046100354612,"PEPPER JACK & COLBY-JACK NATURAL CHEESE AND RITZ MINI ORIGIN CRACKERS, PEPPER JACK & COLBY-JACK ORIGINAL","Sargento Foods Inc"
017077105064,"KEFIR CUP STRAINED CULTURED LOWFAT MILK WITH ANCIENT GRAINS, ANCIENT GRAINS","Lifeway Foods Inc."
037600832113,"PEANUT BUTTER SPREAD & GRAPE JELLY IN WHOLE GRAIN BAKERY BREAD P.B. & JELLY MINIS, PEANUT BUTTER SPREAD & GRAPE JELLY","Hormel Foods Corporation"
043695919967,"PEPPERONI PIZZA PEPPERONI WITH REDUCED FAT MOZZARELLA CHEESE IN A FLAKY CRUST SNACK BITES SANDWICHES, PEPPERONI PIZZA","Nestle USA Inc."
070560984362,"PREMIUM BREADED SQUASH","The Pictsweet Company"
041570130025,"CHEDDAR CHEESE ALMOND & RICE MINI CRACKER SNACKS, CHEDDAR CHEESE","Blue Diamond Growers"
041570130360,"NUT & RICE CRACKER SNACKS, CHEDDAR CHEESE","Blue Diamond Growers"
017400105327,"BLACK BEANS & LONG GRAIN RICE WITH SEASONINGS","Riviana Foods Inc."
041000022357,"RED BEANS & RICE & PASTA BLEND WITH RED BEANS, BELL PEPPERS & CAJUN SPICES, RED BEANS & RICE","Lipton"
041000022807,"DIRTY RICE & PASTA BLEND WITH ONIONS, GARLIC AND MILD CAJUN SPICES, DIRTY","Lipton"
070662030271,"TERIYAKI BEEF FLAVOR RAMEN NOODLE SOUP, TERIYAKI BEEF","Nissin Foods USA Co Inc"
037600166430,"CHEDDAR BROCCOLI RICE","Hormel Foods Corporation"
041000003325,"CHICKEN NOODLE SOUP MIX WITH DICED CHICKEN WHITE MEAT, CHICKEN NOODLE","Lipton"
041000004902,"RING-O-NOODLE SOUP MIX WITH REAL CHICKEN FLAVOR BROTH, RING-O-NOODLE","Lipton"
044000055189,"SWEET CHILI & SOUR CREAM CRISP & THINS POTATO AND WHEAT CHIPS, SWEET CHILI & SOUR CREAM","Nabisco Biscuit Company"
044000051099,"VEGGIE TOASTED CHIPS, VEGGIE","Nabisco Biscuit Company"
041000034879,"CHICKEN NOODLE WITH WHITE MEAT INSTANT SOUP, CHICKEN NOODLE","Lipton"
851921006974,"SWEET & BUTTERY LOW-CARB / KETO TOASTER WAFFLES, SWEET & BUTTERY","Spring Sola LLC"
037600783507,"PEPPERONI, CHEDDAR CHEESE & CRACKERS, PEPPERONI & CHEDDAR","Hormel Foods Corporation"
037600783514,"SALAMI, CHEDDAR CHEESE & CRACKERS, SALAMI & CHEDDAR","Hormel Foods Corporation"
017400109608,"EXTRA LONG GRAIN ENRICHED RICE","Riviana Foods Inc."
017400140472,"NATURAL WHOLE GRAIN BROWN RICE","Riviana Foods Inc."
013400072683,"PREMIUM LONG GRAIN ENRICHED RICE","Riviana Foods Inc."
030000572429,"SIMPLY GRANOLA OATS, HONEY & ALMONDS, OATS, HONEY & ALMONDS","The Quaker Oats Company"
030000572436,"OATS, HONEY, RAISINS & ALMONDS SIMPLY GRANOLA, OATS, HONEY, RAISINS & ALMONDS","The Quaker Oats Company"
054800420841,"CHICKEN & HERB RICE FLAVOR INFUSIONS, CHICKEN & HERB","Uncle Ben's Inc."
856069005032,"ARTISAN BREAD ALMOND FLOUR BAKING MIX, ARTISAN BREAD","Simple Mills"
013800785206,"THREE MEAT CAULIFLOWER CRUST TOPPED WITH PEPPERONI, SAUSAGE, BEEF AND MOZZARELLA CHEESE PIZZA, THREE MEAT","Nestle Usa-Frozen Food Division"
037600026963,"TORTILLA CHIPS","Hormel Foods Corporation"
037600832038,"PEANUT BUTTER & GRAPE JELLY IN WHITE BAKERY BREAD P.B. & JELLY MINIS, PEANUT BUTTER & GRAPE JELLY","Hormel Foods Corporation"
037600832045,"PEANUT BUTTER & STRAWBERRY JELLY IN WHITE BAKERY BREAD P.B. & JELLY MINIS, PEANUT BUTTER & STRAWBERRY JELLY","Hormel Foods Corporation"
037600200400,"MEAT SNACK MIX, PEPPERONI PIZZA","Hormel Foods Corporation"
071700100215,"MILK","HP Hood LLC"
044100265556,"LOWFAT MILK","HP Hood LLC"
044100101892,"WHOLE MILK","HP Hood LLC"
073731081068,"MISSION, RESTAURANT STYLE TORTILLA STRIPS","Mission Foods Inc"
073731083055,"SEA SALT TORTILLA FIESTA SIZE ROUNDS, SEA SALT","Mission Foods Inc"
073731081037,"SEA SALT TORTILLA STRIPS, SEA SALT","Mission Foods Inc"
073731082027,"SEA SALT TORTILLA TRIANGLES, SEA SALT","Mission Foods Inc"
070560244022,"VEGETABLE FOR SOUP WITH TOMATOES","The Pictsweet Company"
017077184328,"CEREMONIAL MATCHA ORGANIC KEFIR CULTURED WHOLE MILK, CEREMONIAL MATCHA","Lifeway Foods Inc."
021000067343,"CHEESE DIP & PRETZEL CHIPS, SHARP CHEDDAR","Kraft Heinz Foods Company"
021000073627,"BUFFALO STYLE WITH CELERY CREAM CHEESE DIP AND TORTILLA CHIPS, BUFFALO STYLE WITH CELERY","Kraft Heinz Foods Company"
013000770354,"HEINZ, DIP & GO!, JALAPENO YELLOW MUSTARD WITH PRETZELS","Kraft Heinz Foods Company"
021000068586,"JALAPENO PRETZELS & CREAM CHEESE DIP, JALAPENO","Kraft Heinz Foods Company"
021000062423,"MULTIGRAIN BAGEL CHIPS & CREAM CHEESE DIP, BROWN SUGAR & CINNAMON","Kraft Heinz Foods Company"
021000073610,"SPINACH & ARTICHOKE CREAM CHEESE DIP AND PITA CHIPS, SPINACH & ARTICHOKE","Kraft Heinz Foods Company"
853584002027,"CINNAMON RAISIN 100% WHOLE GRAIN BREAD, CINNAMON RAISIN","Canyon Bakehouse LLC"
058449891376,"ORGANIC GRANOLA BARS","Nature's Path Foods Inc."
051000219459,"CREAMY FIESTA CHICKEN SOUPS, CREAMY FIESTA CHICKEN","Campbell Soup Company"
054800135080,"RESTAURANT RECIPE CLASSIC CORNBREAD STUFFING MIX, RESTAURANT RECIPE","Uncle Ben's Inc."
044000045777,"WHITE CHEDDAR FILLING BAKED WITH WHOLE WHEAT CRACKER SANDWICHES, WHITE CHEDDAR WITH WHOLE WHEAT","Nabisco Biscuit Company"
044000006778,"CHEESE CRACKER SANDWICHES BITS, CHEESE","Nabisco Biscuit Company"
044000041441,"BACON & CHEESE CRACKER SANDWICHES BITS, BACON & CHEESE","Nabisco Biscuit Company"
072745803599,"LIGHTLY BREADED CHICKEN BREAST STRIPS CHICKEN BREAST WITH RIB MEAT","PERDUE"
058449590668,"NATURE'S PATH, WAFFLES, MAPLE CINNAMON, MAPLE CINNAMON","NATURE'S PATH"
013120058929,"CHEDDAR FLAVORED SEASONED FRENCH FRIED POTATOES OVEN CHIPS, CHEDDAR","Kraft Heinz Foods Company"
017077144322,"POMEGRANATE KEFIR CULTURED LOWFAT MILK SMOOTHIE, POMEGRANATE","Lifeway Foods Inc."
859908003695,"SAVORY SEAWEED THAI RICE CHIPS, SAVORY SEAWEED","Dang Foods LLC"
024000250432,"APPLE CINNAMON CRUNCH OATMEAL WITH APPLES, GRANOLA, ALMONDS & PUMPKIN SEEDS, APPLE CINNAMON CRUNCH","Del Monte Foods Inc."
024000250463,"MAPLE & BROWN SUGAR CRUNCH FLAVOR OATMEAL WITH APPLES, GRANOLA, ALMONDS & PUMPKIN SEEDS, MAPLE & BROWN SUGAR CRUNCH","Del Monte Foods Inc."
858328764711,"ORGANIC SIGNATURE TORTILLA SOUP, TORTILLA","Campbell Soup Company"
051000203885,"TUSCAN-STYLE LENTIL CONDENSED SOUP, TUSCAN-STYLE LENTIL","Campbell Soup Company"
051000195593,"BEEF WITH COUNTRY VEGETABLES SOUP, BEEF WITH COUNTRY VEGETABLES","Campbell Soup Company"
858328764308,"HEARTY GARDEN VEGETABLE ORGANIC SOUP","Campbell Soup Company"
051000155351,"OLD FASHIONED VEGETABLE BEEF SOUP, OLD FASHIONED VEGETABLE BEEF","Campbell Soup Company"
021000073115,"SOUTHWEST-STYLE CHICKEN & RICE KIT, SOUTHWEST-STYLE CHICKEN & RICE","Kraft Heinz Foods Company"
858328764247,"CLASSIC MINESTRONE ORGANIC SOUP, CLASSIC MINESTRONE","Campbell Soup Company"
070085034009,"MINI BAGELS WITH MOZZARELLA CHEESE PIZZA SNACKS, MOZZARELLA CHEESE","Kraft Heinz Foods Company"
051000247193,"NEW ENGLAND CLAM CHOWDER SOUP","Campbell Soup Company"
051000141934,"SOUP, BEEF RIB ROAST WITH POTATOES & HERBS","Campbell Soup Company"
051000206602,"CREAMY THAI STYLE CHICKEN WITH RICE SOUP, CREAMY THAI STYLE CHICKEN WITH RICE","Campbell Soup Company"
051000200440,"KICKIN' BUFFALO-STYLE CHICKEN SOUP, KICKIN' BUFFALO-STYLE CHICKEN","Campbell Soup Company"
759283001906,"4 VEGGIE, GRAIN & SOY PROTEIN BURGERS, ROASTED VEGETABLES & RED QUINOA WITH BROWN RICE","Kraft Heinz Foods Company"
051000212382,"VEGETABLE CONDENSED SOUP, VEGETABLE","Campbell Soup Company"
025800020256,"PASTA WITH RICOTTA AND SPINACH","H.J. Heinz Company"
021000049349,"PIZZA CHEEZA MACARONI & CHEESE DINNER, PIZZA CHEEZA","Kraft Heinz Foods Company"
070800406005,"CHICKEN PICCATA WITH GEMELLI PASTA & BROCCOLINI MEAL KIT","Smithfield Farmland Corp."
058449204213,"MAPLE ALMOND CRUNCH HOT CEREAL, MAPLE ALMOND CRUNCH","NATURE'S PATH"
058449204237,"CINNAMON APPLE CRISP GRAIN FREE HOT CEREAL, CINNAMON APPLE CRISP","NATURE'S PATH ORGANIC"
999482001110,"WHOLE FOODS MARKET, BEET CHIPS","WHOLE FOODS MARKET"
058449891857,"ORGANIC CRUNCHY GRANOLA BARS","NATURE'S PATH"
058449892137,"ORGANIC MACAROON CRUNCHY GRANOLA BARS","NATURE'S PATH"
058449892151,"ORGANIC SWEET & SALTY CRUNCHY GRANOLA BARS","NATURE'S PATH"
058449890881,"SUMMER BERRY GRANOLA","NATURE'S PATH ORGANIC"
013800172013,"LEMON PEPPER FISH WITH LEMON HERB RICE, BROCCOLI & RED PEPPERS, LEMON PEPPER","Nestle Usa-Frozen Food Division"
042272011926,"INDIAN PANEER TIKKA TOMATOES, CAULIFLOWER & BASMATI RICE WITH ALOO GOBI, INDIAN PANEER TIKKA","Amy's Kitchen Inc."
042272000746,"ESPECIAL BLACK BEANS, RICE & TOMATOES BURRITO, ESPECIAL","Amy's Kitchen Inc."
042272002665,"VEGAN CHEEZE GLUTEN FREE PIZZA, VEGAN CHEEZE","Amy's Kitchen Inc."
042272009763,"CHEESE GLUTEN FREE RICE CRUST PIZZA, CHEESE","Amy's Kitchen Inc."
075900003314,"BEEF STROGANOFF PASTA, BEEF STROGANOFF","Bob Evans Farms Inc"
015300430600,"HERB & BUTTER RICE, PASTA, HERBS AND BUTTER, HERB & BUTTER","The Quaker Oats Co/golden Grain"
074653974216,"BACON CHEESEBURGER HAMBURGER, BACON, CHEDDAR & MOZZARELLA CHEESES ORIGINAL THIN PIZZA, BACON CHEESEBURGER","Nestle USA Inc."
050000387823,"SWEET CREME COCONUT MILK CREAMER, SWEET CREME","Nestle USA Inc."
017077110082,"LIFEWAY, KEFIR CULTURED LOWFAT MILK SMOOTHIE, CINNAMON APPLE, CINNAMON APPLE","Lifeway Foods Inc."
030000575109,"CHILI LIME FLAVORED ALMOND FLOUR TORTILLA STYLE CHIPS, CHILI LIME","The Quaker Oats Company"
030000574980,"ULTIMATE TACO ALMOND FLOUR TORTILLA STYLE CHIPS, ULTIMATE TACO","The Quaker Oats Company"
030000565919,"DATE & ALMOND MULTIGRAIN HOT CEREAL, DATE & ALMOND","The Quaker Oats Company"
855140002199,"BLUEBERRY HEMP ANCIENT GRAIN GRANOLA, BLUEBERRY","Purely Elizabeth"
017400105044,"RED BEANS LONG GRAIN RICE, RED BEANS","Riviana Foods Inc."
813868020376,"1% LOWFAT MILK","Farmland Fresh Dairies"
072878222952,"BLUE CORN TORTILLA CHIPS, BLUE CORN","Herdez S.A."
070450144913,"DIAMOND, PECAN CHIPS","Diamond/Sunsweet Inc"
025000004254,"FIVE ALIVE, FROZEN CONCENTRATED, CITRUS, CITRUS","The Minute Maid Company"
043000065198,"CARAMEL PREMIUM ICED COFFEE DRINK WITH ALMOND MILK, CARAMEL","Kraft Heinz Foods Company"
071429014725,"YELLOW RICE LONG GRAIN RICE WITH VEGETABLES & SPICES, YELLOW RICE","Zatarain's Inc."
850000486676,"SRIRACHA SPICE THAI RICE CHIPS, SRIRACHA SPICE","Dang Foods LLC"
043000065181,"MOCHA PREMIUM ICED COFFEE DRINK WITH ALMOND MILK, MOCHA","Kraft Heinz Foods Company"
072830901567,"EXTRA SHARP WHITE CHEDDAR CRACKER CUTS CHEESE, EXTRA SHARP WHITE CHEDDAR","Tillamook County Creamery Association"
856413007293,"LATTE COFFEE & MILK","Death Wish Coffee Company LLC"
071921129132,"SAUSAGE & PEPPERONI BRICK OVEN STYLE THIN CRUST PIZZA, SAUSAGE & PEPPERONI","Nestle USA Inc."
810021671734,"CHEDDAR VEGGIE FLOUR BAKED SNACK CRACKERS, CHEDDAR","Simple Mills"
856069005605,"ROASTED RED PEPPER VEGGIE PITA CRACKERS, ROASTED RED PEPPER","Simple Mills"
856069005353,"FINE GROUND SEA SALT ALMOND FLOUR CRACKERS, FINE GROUND SEA SALT","Simple Mills"
044000073343,"THE ORIGINAL CRACKERS, THE ORIGINAL","Nabisco Biscuit Company"
044000053482,"CRACKERS 'N CHEESY DIP","Nabisco Biscuit Company"
051000282996,"CHICKEN NOODLE CONDENSED SOUP, CHICKEN NOODLE","Campbell Soup Company"
041000004100,"NOODLE SOUP MIX WITH REAL CHICKEN BROTH, NOODLE","Lipton"
041000005183,"CHICKEN NOODLE SOUP, CHICKEN","Lipton"
041000014857,"CREAM OF CHICKEN INSTANT SOUP, CREAM OF CHICKEN","Lipton"
041000014888,"SPRING VEGETABLE INSTANT SOUP, SPRING VEGETABLE","Lipton"
602652184000,"GRANOLA BARS","KIND Inc."
810016450016,"SESAME ITALIAN BREADSTICKS, SESAME","Silk Tree Warehouse"
071430000885,"GREEK ROMAINE LETTUCE, SWEET ONION PITA CHIPS, GREEK VINAIGRETTE, FETA CHEESE, HERB SEASONING CHOPPED KIT, GREEK","Dole Fresh Vegetables Inc."
042272001293,"BROCCOLI & SPINACH WITH 3 CHEESES PIZZA, BROCCOLI & SPINACH WITH 3 CHEESES","Amy's Kitchen Inc."
073435060802,"HAWAIIAN SWEET PRE-SLICED SLIDER BUNS, HAWAIIAN SWEET","King's Hawaiian Bakery West"
859908003183,"DANG, TOASTED COCONUT CHIPS, SAVORY BACON, SAVORY BACON","Dang Foods LLC"
037600805605,"BACON CLUB TURKEY BREAST, UNCURED BACON & WHITE CHEDDAR CHEESE WRAPPED IN A FLATBREAD, BACON CLUB","Hormel Foods Corporation"
013800368935,"CHEDDAR BACON DICED POTATOES IN A CHEDDAR CHEESE SAUCE WITH BACON, TOPPED WITH BREADCRUMBS, CHEDDAR BACON","Nestle Usa-Frozen Food Division"
013800962829,"LOADED TOTS CRISPY BREADING STUFFED WITH POTATO, BACON, CHEDDAR CHEESE, CHIVES AND SOUR CREAM BITEFULLS, LOADED TOTS","Nestle Usa-Frozen Food Division"
072745804588,"LIGHTLY BREADED CHICKEN BREAST CHUNKS WITH RIB MEAT, LIGHTLY BREADED","Perdue Farms Incorporated"
029000019171,"HONEY NUT HONEY ROASTED PEANUTS, ALMONDS, GRANOLA PROTEIN CLUSTERS, HONEY ROASTED CASHEWS PROTEIN MIX, HONEY NUT","Nabisco Food Company"
042272013920,"BRAISED GREENS & 4 CHEESE CARAMELIZED ONIONS & SWISS CHARD PIZZA, BRAISED GREENS & 4 CHEESE","Amy's Kitchen Inc."
044000050436,"CREAM CHEESE & ONION CRISP & THINS POTATO AND WHEAT CHIPS, CREAM CHEESE & ONION","Nabisco Biscuit Company"
300875114131,"NATURAL MILK FLAVOR TODDLER NEXT STEP 1-3 YEARS, NATURAL MILK","Bristol-Myers Squibb/Mead Johnson Nutritionals"
072830075329,"NORTHWEST MINT CHIP FROZEN CUSTARD, NORTHWEST MINT CHIP","Tillamook County Creamery Association"
037600665643,"WHOLE GRAIN AUTHENTIC TORTILLA CHIPS, WHOLE GRAIN","Hormel Foods Corporation"
070662066041,"RAMEN NOODLE SOUP, SPICY SHRIMP","Nissin Foods USA Co Inc"
044000051129,"WORLD CRISPS CRACKERS, TUSCAN HERBS WITH ROASTED GARLIC","Nabisco Biscuit Company"
044000042653,"CREAM CHEESE FILLING CRACKER SANDWICHES, CREAM CHEESE","Nabisco Biscuit Company"
602652171789,"FRUIT & NUT GRANOLA CLUSTERS, FRUIT & NUT","KIND Inc."
071921243609,"FOUR CHEESE MOZZARELLA, PARMESAN, ASIAGO & ROMANO DETROIT STYLE CRUST PIZZA, FOUR CHEESE","Nestle USA Inc."
042272005918,"FRENCH COUNTRY VEGETABLE HEARTY ORGANIC SOUPS, FRENCH COUNTRY VEGETABLE","Amy's Kitchen Inc."
042272001903,"CHEESE & PESTO PIZZA","Amy's Kitchen Inc."
042272008278,"ITALIAN VEGETABLE PIZZA","Amy's Kitchen Inc."
071921688646,"PEPPERONI PIZZA, PEPPERONI","Nestle USA Inc."
024000250524,"MANGO FRUIT CRUNCH NON-DAIRY PARFAIT AND GRANOLA, MANGO","Del Monte Foods Inc."
025000066115,"CHERRY FLAVORED SOFT FROZEN LIMEADE, CHERRY","The Minute Maid Company"
017077404167,"TART AND TANGY MANGO FROZEN KEFIR, TART AND TANGY MANGO","Lifeway Foods Inc."
013800135223,"MARGHERITA PIZZA WITH TOMATOES & MOZZARELLA, RICOTTA, PARMESAN & ROMANO CHEESES, MARGHERITA","Nestle Usa-Frozen Food Division"
013800105851,"SPINACH SOUFFLE A SIMPLE RECIPE OF CHOPPED SPINACH BAKED WITH SKIM MILK & EGGS, SPINACH SOUFFLE","Nestle Usa-Frozen Food Division"
071700514012,"1% MILKFAT LOWFAT COTTAGE CHEESE","HP Hood LLC"
070085142186,"HOME STYLE LOADED POTATO SOUP","Heinz Frozen Food Company"
070085142148,"HOME STYLE SOUP CHILI WITH BEANS","Heinz Frozen Food Company"
070085142162,"POT ROAST VEGETABLE SOUP","Heinz Frozen Food Company"
051000219442,"CHICKEN & ANDOUILLE SAUSAGE GUMBO RESERVE SOUPS, CHICKEN & ANDOUILLE SAUSAGE GUMBO","Campbell Soup Company"
051000219404,"CHICKEN & DUMPLING RESERVE SOUPS, CHICKEN & DUMPLING","Campbell Soup Company"
074653833933,"SAUSAGE ORIGINAL THIN PIZZA, SAUSAGE","Nestle USA Inc."
042272000753,"CHEESE PIZZA MADE WITH ORGANIC VEGETABLES AND FLOUR IN A POCKET SANDWICH, CHEESE PIZZA","Amy's Kitchen Inc."
051000204462,"BROTH, THAI GINGER","Campbell Soup Company"
051000273505,"MUSHROOM CONDENSED COOKING SOUP, MUSHROOM","Campbell Soup Company"
858328764902,"CORN CHOWDER ORGANIC SOUP, CORN CHOWDER","Campbell Soup Company"
013800937001,"CARB WISE THIN CRUST TOPPED WITH MOZZARELLA, TOMATOES, ONIONS, PEPPERS AND BASIL VEGGIE PIZZA, CARB WISE","Nestle Usa-Frozen Food Division"
013800047182,"SUPREME PIZZA SAUSAGE, PEPPERONI, MUSHROOMS, PEPPERS & ONIONS WITH A FOUR CHEESE BLEND, SUPREME","Nestle Usa-Frozen Food Division"
025800039494,"SOUTHWEST STYLE VEGETABLE SOUP, SOUTHWEST STYLE VEGETABLE","Kraft Heinz Foods Company"
058449165156,"CHEWY GRANOLA BARS, STRAWBERRY","NATURE'S PATH ORGANIC"
021000072293,"PINEAPPLE & TOASTED COCONUT ANCIENT GRAIN BREAKFAST BOWL HOT CEREAL, PINEAPPLE & TOASTED COCONUT","Kraft Heinz Foods Company"
043000066355,"ICED COFFEE WITH ALMOND MILK, MOCHA","Kraft Heinz Foods Company"
025800039319,"MAPLE & BROWN SUGAR OATMEAL TOPPED WITH RAISINS, CRANBERRIES AND GRANOLA, MAPLE & BROWN SUGAR OATMEAL","Kraft Heinz Foods Company"
025800039333,"PEACHES & CREAM OATMEAL TOPPED WITH PEACHES & GRANOLA, PEACHES & CREAM OATMEAL","Kraft Heinz Foods Company"
071921882822,"CHEESE STUFFED PIZZA CRUST, CHEESE","Nestle USA Inc."
042272008018,"VEGAN MARGHERITA PIZZA, VEGAN MARGHERITA","Amy's Kitchen Inc."
851702007183,"SAVORY TOMATO BONE BROTH SOUP, SAVORY TOMATO","KETTLE AND FIRE LLC"
071921763121,"HAWAIIAN STYLE CANADIAN BACON & PINEAPPLE ORIGINAL RISING CRUST PIZZA, HAWAIIAN STYLE","Nestle USA Inc."
030000573792,"BUTTERMILK SELF RISING WHITE CORN MEAL MIX, BUTTERMILK SELF RISING WHITE CORN","The Quaker Oats Company"
022655701866,"FROZEN TURKEY BREAKFAST SAUSAGE, TURKEY","Butterball, LLC"
071921006594,"PEPPERONI ORIGINAL THIN CRUST PIZZA, PEPPERONI","Nestle USA Inc."
071921023492,"PEPPERONI RISING CRUST PIZZA, PEPPERONI","Nestle USA Inc."
071921743215,"PRIMO PEPPERONI THIN HAND-TOSSED STYLE CRUST PIZZA, PRIMO PEPPERONI","Nestle USA Inc."
071921961435,"PEPPERONI AND PEPPERS THIN & CRISPY PIZZA, PEPPERONI AND PEPPERS","Nestle USA Inc."
071921925802,"PEPPERONI CHEESE STUFFED CRUST PIZZA, PEPPERONI","Nestle USA Inc."
071921581626,"BETTER WITH BACON PEPPERONI, APPLEWOOD SMOKED BACON WITH A BACON & CHEESE STUFFED CRUST PIZZA, BETTER WITH BACON","Nestle USA Inc."
070662402023,"CURRY RAMEN NOODLE SOUP, CURRY","Nissin Foods USA Co Inc"
073472004036,"SPROUTED APPLE NUT WAFFLES, APPLE NUT","Food For Life Baking Co Inc"
071012060177,"KETO WHEAT PIZZA CRUST MIX, KETO WHEAT PIZZA","King Arthur Baking Company Inc."
071921146443,"GARDEN VEGETABLE TOMATOES, RED & YELLOW PEPPERS, ZUCCHINI AND RED ONION THIN & CRISPY PIZZA, GARDEN VEGETABLE","Nestle USA Inc."
030000570531,"VANILLA CREAM SLOTH-TASTIC GRANOLA BARS, VANILLA CREAM","The Quaker Oats Company"
855643006748,"ACAI NUTRITIOUS PLANT-BASED MILK, ACAI","Ripple Foods"
015300430341,"CHICKEN & BROCCOLI FLAVOR RICE, VERMICELLI, CHICKEN BROTH, BROCCOLI AND CARROTS, CHICKEN & BROCCOLI","The Quaker Oats Co/golden Grain"
071921541927,"HAMBURGER ORIGINAL PIZZA, HAMBURGER","Nestle USA Inc."
071921174767,"SAUSAGE & MUSHROOM ORIGINAL PIZZA, SAUSAGE & MUSHROOM","Nestle USA Inc."
071921757038,"DELUXE SAUSAGE, PEPPERS, ONIONS & MUSHROOMS ORIGINAL PIZZA, DELUXE","Nestle USA Inc."
071921280079,"ORIGINAL CLASSIC SAUSAGE PIZZA, ORIGINAL CLASSIC SAUSAGE","Nestle USA Inc."
024000251408,"FRESH FROZEN PINEAPPLE SPEARS","Del Monte Foods Inc."
638882000117,"FROZEN DICED YELLOW ONION","Stahlbush Island Farms, Inc."
021000063130,"SNACK MIX, MONTEREY JACK CHEESE, DRIED CINNAMON APPLES, GRANOLA CLUSTERS","Kraft Heinz Foods Company"
046100355688,"MOZZARELLA CREAMERY SHREDDED WHOLE MILK LOW MOISTURE NATURAL CHEESE, MDZZARELLA","Sargento Foods Inc"
810589030394,"ORIGINAL SALTY-SWEET + CRUNCHY ANCIENT GRAIN GRANOLA BAR, ORIGINAL","Purely Elizabeth"
722252922069,"BANANA NUT CRUNCH GRANOLA WITH TOASTED OATS, DRIED BANANAS, ALMONDS, PUMPKIN SEEDS, SEA SALT, BANANA NUT CRUNCH","Clif Bar and Company"
043695511987,"DOUBLE PEPPERONI BIG & BOLD AND REDUCED FAT MOZZARELLA CHEESE IN AN HERB BLASTED CRUST PIZZA, DOUBLE PEPPERONI","Nestle USA Inc."
029000012462,"ALMONDS, CRANBERRIES, GRANOLA, PISTACHIOS DIGESTIVE HEALTH MIX, ALMONDS, CRANBERRIES, GRANOLA, PISTACHIOS","Nabisco Food Company"
030000572801,"PEANUT BUTTER CRUNCH WITH RICE CRISPS TREATS CEREAL BARS, PEANUT BUTTER CRUNCH WITH RICE CRISPS","The Quaker Oats Company"
722252922038,"CINNAMON ALMOND ENERGY GRANOLA, CINNAMON ALMOND","Clif Bar and Company"
046100354759,"MOZZARELLA, CREAMERY WHOLE MILK LOW MOISTURE MOZZARELLA NATURAL CHEESES, MOZZARELLA, CREAMERY","Sargento Foods Inc"
021000073900,"MARGHERITA THIN CRUST PIZZA, MARGHERITA","Kraft Heinz Foods Company"
030000311806,"OATMEAL RAISIN FLAVOR GRANOLA BARS, OATMEAL RAISIN","The Quaker Oats Company"
030000560839,"VANILLA FLAVORED MULTIGRAIN CEREAL, VANILLA","The Quaker Oats Company"
030000563274,"LIGHTNING MCQUEEN COOKIES & CREAM FLAVORED GRANOLA BARS, LIGHTNING MCQUEEN COOKIES & CREAM","The Quaker Oats Company"
073570600222,"PIZZA BLEND SHREDDED BLEND OF PROVOLONE CHEESE & LOW-MOISTURE PART-SKIM MOZZARELLA CHEESE, PIZZA BLEND","HP Hood LLC"
071921635954,"FOUR CHEESE PREMIUM MOZZARELLA, PARMESAN, ASIAGO & ROMANO GLUTEN FREE ULTRA THIN PIZZA, FOUR CHEESE","Nestle USA Inc."
855140002366,"ANCIENT GRAIN GRANOLA","Purely Elizabeth"
072830075121,"TILLAMOOK, FROZEN CUSTARD, CALIFORNIA PEACH COBBLER","Tillamook County Creamery Association"
037600565202,"HORMEL, PIZZA TOPPINGS BEEF CRUMBLES","Hormel Foods Corporation"
017077401166,"POMEGRANATE TART AND TANGY FROZEN KEFIR, POMEGRANATE","Lifeway Foods Inc."
017077403160,"STRAWBERRY TART AND TANGY FROZEN KEFIR, STRAWBERRY","Lifeway Foods Inc."
602652299483,"SALTED CARAMEL DRIZZLED GRANOLA BARS, SALTED CARAMEL","KIND Inc."
602652279249,"STRAWBERRY CLUSTERS PROBIOTICS GRANOLA, STRAWBERRY CLUSTERS","KIND Inc."
030000322437,"FRUIT & NUT FLAVORED QUINOA GRANOLA BARS, FRUIT & NUT","The Quaker Oats Company"
030000662137,"PEANUT BUTTER CRUNCH SWEETENED CORN & OAT CEREAL, PEANUT BUTTER CRUNCH","The Quaker Oats Company"
030000312803,"STRAWBERRY FLAVORED COATING GRANOLA BARS, STRAWBERRY","The Quaker Oats Company"
861029000101,"PURE PECAN MILK, MAPLE","MALK"
043000072875,"CHAI TEA LATTE BLEND WITH MILK CREAMER T DISC, CHAI TEA LATTE","Kraft Heinz Foods Company"
082592010032,"PEACHY ALMOND PEACH FLAVORED JUICE BLEND AND ALMONDMILK SMOOTHIE, PEACHY ALMOND","Naked Juice"
021000604906,"SKIM MILK AMERICAN SINGLES CHEESE SLICES","Kraft Heinz Foods Company"
021000024919,"SKIM MILK SHARP CHEDDAR CHEESE SLICES","Kraft Heinz Foods Company"
058449891017,"TRAIL MIX CHEWY GRANOLA BARS, PUMPKIN-N-SPICE","NATURE'S PATH ORGANIC"
070470187099,"COCONUT + GRANOLA FLAVORED DAIRY SNACK, COCONUT + GRANOLA","Yoplait USA"
070470187112,"VENILLA+GRANOLA FLAVORED DAIRY SNACK, VANILLA + GRANOLA","Yoplait USA"
070470187129,"STRAWBERRY + GRANOLA FLAVORED KETO FRIENDLY DAIRY SNACK, STRAWBERRY + GRANOLA","Yoplait USA"
855140002168,"ANCIENT GRAIN GRANOLA., BLUEBERRY HEMP","Purely Elizabeth"
058449890096,"ORGANIC GRANOLA CEREAL, PEANUT BUTTER","NATURE'S PATH"
058449890331,"COCONUT CHIA GRANOLA CEREAL, COCONUT CHIA","NATURE'S PATH"
810589031575,"BERRY CRISP ANCIENT GRAIN GRANOLA, BERRY CRISP","Purely Elizabeth"
602652251023,"PEANUT BUTTER HEALTHY GRAINS GRANOLA CLUSTERS, PEANUT BUTTER","KIND Inc."
602652286896,"APPLE CINNAMON CEREAL, APPLE CINNAMON","KIND Inc."
850002887419,"COCOA GRAIN-FREE CEREAL, COCOA","Magic Spoon Inc."
602652285172,"CRANBERRY ALMOND CEREAL, CRANBERRY ALMOND","KIND Inc."
602652286902,"HONEY ALMOND CEREAL, HONEY ALMOND","KIND Inc."
492310003206,"CORN FLAKES CRISPY TOASTED FLAKES CEREAL, CORN FLAKES","MARKET PANTRY"
857554005063,"SHARP ENGLISH FARMHOUSE AGED CASHEW MILK CHEESE, SHARP ENGLISH FARMHOUSE","Miyoko's Kitchen"
042272010110,"PESTO GLUTEN FREE RICE CRUST PIZZA WITH MOZZARELLA & MONTEREY JACK CHEESE, PESTO","Amy's Kitchen Inc."
071921828189,"SHOWDOWN ITALIAN SAUSAGE, DICED MUSHROOMS, CARAMELIZED ONIONS, MOZZARELLA CHEESE, THIN CRUST LOADED PIZZA, SHOWDOWN","Nestle USA Inc."
013130006125,"HOT CEREAL","Kraft Heinz Foods Company"
050000767748,"TODDLER DRINK MILK BASED POWDER","Nestle USA Inc."
602652171857,"VANILLA BLUEBERRY WITH FLAX SEEDS HEALTHY GRAINS GRANOLA, VANILLA BLUEBERRY WITH FLAX SEEDS","KIND Inc."
855140002267,"ORIGINAL ANCIENT GRAIN GRANOLA MINIS, ORIGINAL","Purely Elizabeth"
049900001694,"MANGO 2% MILKFAT LOWFAT COTTAGE CHEESE & MANGO TOPPING COTTAGE DOUBLES, MANGO","Kraft Heinz Foods Company"
030000566633,"RAISIN DATE ALMOND MUESLI MULTIGRAIN, DRIED FRUIT, NUT AND SEED CEREAL, RAISIN DATE ALMOND","The Quaker Oats Company"
058449891000,"6 CHEWY GRANOLA BARS","Nature's Path Foods Inc."
021000068128,"MONTEREY JACK CHEESE, DRIED CINNAMON APPLES, GRANOLA CLUSTERS","Kraft Heinz Foods Company"
074027077895,"PIZZA CUT PINEAPPLE","Milky Way Int'L Trading Corp"
070560951531,"FRESH FROZEN EDAMAME SOYBEANS IN THE POD","The Pictsweet Company"
850011443217,"ROASTED VEGGIE PIZZA, ROASTED VEGGIE","Banza LLC"
042272011919,"VEGAN CHEEZE PIZZA SNACKS, VEGAN CHEEZE","Amy's Kitchen Inc."
025800039326,"APPLES & CINNAMON OATMEAL STEEL CUT AND ROLLED OATS TOPPED WITH APPLES AND GRANOLA, APPLES & CINNAMON OATMEAL","Kraft Heinz Foods Company"
861029000163,"PECANMILK + COLD BREW COFFEE","MALK"
042272001248,"SPINACH PIZZA SNACKS, SPINACH","Amy's Kitchen Inc."
071429013162,"BUTTERMILK BISCUIT MIX, BUTTERMILK","Zatarain's Inc."
050000166374,"UNSWEETENED HALF ALMOND MILK & HALF COCONUT CREAM, UNSWEETENED","Nestle USA Inc."
030000572443,"OATS & HONEY WITH VANILLA & PECAN FLAVOR SIMPLY GRANOLA, OATS & HONEY WITH VANILLA & PECAN","The Quaker Oats Company"
042272012206,"MEATLESS PEPPERONI PIZZA SNACKS, MEATLESS PEPPERONI","Amy's Kitchen Inc."
071921434359,"EXTRA CHEESE PIZZA","Nestle USA Inc."
080000519689,"THAI GREEN CURRY WILD TUNA, RICE, GREEN CHILI, LIME JUICE, COCONUT MILK & LEMONGRASS, THAI GREEN CURRY","StarKist Co."
017077666329,"ORANGE CREAM KEFIR CULTURED LOWFAT MILK SMOOTHIE, ORANGE CREAM","Lifeway Foods Inc."
855643006724,"MATCHA NUTRITIOUS PLANT-BASED MILK, MATCHA","Ripple Foods"